date,strategy,ticker,weight_pct
2024-08-01,min_variance,RELIANCE.NS,0.0
2024-09-02,min_variance,RELIANCE.NS,0.0
2024-10-01,min_variance,RELIANCE.NS,0.0
2024-11-01,min_variance,RELIANCE.NS,-9.42940878738131e-16
2024-12-02,min_variance,RELIANCE.NS,3.39342916684361
2025-01-01,min_variance,RELIANCE.NS,2.605043924212779
2025-02-01,min_variance,RELIANCE.NS,4.096891173907733
2025-03-03,min_variance,RELIANCE.NS,1.9915076340618156e-16
2025-04-01,min_variance,RELIANCE.NS,0.5535994694292806
2025-05-02,min_variance,RELIANCE.NS,-1.3000603424579608e-15
2025-06-02,min_variance,RELIANCE.NS,8.148646943054324e-16
2025-07-01,min_variance,RELIANCE.NS,-9.251284509462398e-16
2025-08-01,min_variance,RELIANCE.NS,2.1958759289400246e-15
2025-09-01,min_variance,RELIANCE.NS,-9.298308704505522e-16
2025-10-01,min_variance,RELIANCE.NS,2.1759659841495992e-16
2025-11-03,min_variance,RELIANCE.NS,-9.247848903940835e-16
2025-12-01,min_variance,RELIANCE.NS,3.3111697659347665e-17
2026-01-01,min_variance,RELIANCE.NS,1.3964944512732303e-15
2026-02-02,min_variance,RELIANCE.NS,-1.7375942993523812e-15
2026-03-02,min_variance,RELIANCE.NS,7.793051180197599e-16
2026-04-01,min_variance,RELIANCE.NS,3.4972794458923193
2026-05-04,min_variance,RELIANCE.NS,4.779887231182393
2026-06-01,min_variance,RELIANCE.NS,4.81994288312039
2024-08-01,min_variance,TCS.NS,0.0
2024-09-02,min_variance,TCS.NS,0.0
2024-10-01,min_variance,TCS.NS,0.0
2024-11-01,min_variance,TCS.NS,7.663598244019597
2024-12-02,min_variance,TCS.NS,6.989117770678196
2025-01-01,min_variance,TCS.NS,8.155885047854047
2025-02-01,min_variance,TCS.NS,6.598388498860581
2025-03-03,min_variance,TCS.NS,4.557856534492644
2025-04-01,min_variance,TCS.NS,7.276963817905388
2025-05-02,min_variance,TCS.NS,11.713832606642281
2025-06-02,min_variance,TCS.NS,12.035963505575932
2025-07-01,min_variance,TCS.NS,9.772194156665204
2025-08-01,min_variance,TCS.NS,3.640886511258808
2025-09-01,min_variance,TCS.NS,2.830256983928493
2025-10-01,min_variance,TCS.NS,0.6736183677285911
2025-11-03,min_variance,TCS.NS,8.198170319026048
2025-12-01,min_variance,TCS.NS,10.30273218314148
2026-01-01,min_variance,TCS.NS,10.215284540700525
2026-02-02,min_variance,TCS.NS,7.4770197803684795
2026-03-02,min_variance,TCS.NS,9.75860849252661
2026-04-01,min_variance,TCS.NS,2.5456558589082077
2026-05-04,min_variance,TCS.NS,1.3877787807814457e-15
2026-06-01,min_variance,TCS.NS,6.044716540359072e-17
2024-08-01,min_variance,INFY.NS,0.0
2024-09-02,min_variance,INFY.NS,0.0
2024-10-01,min_variance,INFY.NS,0.0
2024-11-01,min_variance,INFY.NS,5.169381012860256e-16
2024-12-02,min_variance,INFY.NS,4.795837008132164e-16
2025-01-01,min_variance,INFY.NS,1.7114631863520036
2025-02-01,min_variance,INFY.NS,4.0344260763979545
2025-03-03,min_variance,INFY.NS,4.66131719770118
2025-04-01,min_variance,INFY.NS,3.2920426932546967
2025-05-02,min_variance,INFY.NS,0.6788315725990081
2025-06-02,min_variance,INFY.NS,1.0834130007661857e-15
2025-07-01,min_variance,INFY.NS,0.06065613098972279
2025-08-01,min_variance,INFY.NS,0.950207273511265
2025-09-01,min_variance,INFY.NS,0.15140657590912285
2025-10-01,min_variance,INFY.NS,0.2586056163843598
2025-11-03,min_variance,INFY.NS,0.41776506303069677
2025-12-01,min_variance,INFY.NS,7.358957653226382e-16
2026-01-01,min_variance,INFY.NS,-7.771929083805924e-16
2026-02-02,min_variance,INFY.NS,-6.609690627071476e-16
2026-03-02,min_variance,INFY.NS,5.786545281752868e-17
2026-04-01,min_variance,INFY.NS,1.204251187500708
2026-05-04,min_variance,INFY.NS,0.9617123280478344
2026-06-01,min_variance,INFY.NS,1.4703380108419994
2024-08-01,min_variance,HDFCBANK.NS,0.0
2024-09-02,min_variance,HDFCBANK.NS,0.0
2024-10-01,min_variance,HDFCBANK.NS,0.0
2024-11-01,min_variance,HDFCBANK.NS,6.990261989478198
2024-12-02,min_variance,HDFCBANK.NS,5.055540522055304
2025-01-01,min_variance,HDFCBANK.NS,6.512494314155316
2025-02-01,min_variance,HDFCBANK.NS,6.969425545879108
2025-03-03,min_variance,HDFCBANK.NS,8.891144734518894
2025-04-01,min_variance,HDFCBANK.NS,8.010395574868632
2025-05-02,min_variance,HDFCBANK.NS,6.743415166802941
2025-06-02,min_variance,HDFCBANK.NS,6.420765487802492
2025-07-01,min_variance,HDFCBANK.NS,8.051786126549947
2025-08-01,min_variance,HDFCBANK.NS,11.123736403039617
2025-09-01,min_variance,HDFCBANK.NS,10.423886372086075
2025-10-01,min_variance,HDFCBANK.NS,9.511325790563912
2025-11-03,min_variance,HDFCBANK.NS,9.051121485949954
2025-12-01,min_variance,HDFCBANK.NS,8.080378438835886
2026-01-01,min_variance,HDFCBANK.NS,9.331248126957702
2026-02-02,min_variance,HDFCBANK.NS,12.802013837239404
2026-03-02,min_variance,HDFCBANK.NS,13.315759333043415
2026-04-01,min_variance,HDFCBANK.NS,4.6162886577509096e-15
2026-05-04,min_variance,HDFCBANK.NS,-1.4543694925830784e-15
2026-06-01,min_variance,HDFCBANK.NS,2.2667876719344312e-15
2024-08-01,min_variance,ICICIBANK.NS,0.0
2024-09-02,min_variance,ICICIBANK.NS,0.0
2024-10-01,min_variance,ICICIBANK.NS,0.0
2024-11-01,min_variance,ICICIBANK.NS,4.855384036701716e-16
2024-12-02,min_variance,ICICIBANK.NS,2.5521644229544247
2025-01-01,min_variance,ICICIBANK.NS,6.142178060606613
2025-02-01,min_variance,ICICIBANK.NS,4.333502671953733
2025-03-03,min_variance,ICICIBANK.NS,8.13600545637631
2025-04-01,min_variance,ICICIBANK.NS,6.27966603396259
2025-05-02,min_variance,ICICIBANK.NS,4.657068646996614
2025-06-02,min_variance,ICICIBANK.NS,1.798223089529746
2025-07-01,min_variance,ICICIBANK.NS,4.343250821500861
2025-08-01,min_variance,ICICIBANK.NS,9.761446916783772
2025-09-01,min_variance,ICICIBANK.NS,9.884091959384238
2025-10-01,min_variance,ICICIBANK.NS,9.094618201634534
2025-11-03,min_variance,ICICIBANK.NS,6.09938877225769
2025-12-01,min_variance,ICICIBANK.NS,6.426782460492617
2026-01-01,min_variance,ICICIBANK.NS,6.733878473689786
2026-02-02,min_variance,ICICIBANK.NS,6.564514322813722
2026-03-02,min_variance,ICICIBANK.NS,5.007446660996771
2026-04-01,min_variance,ICICIBANK.NS,4.680133240856534
2026-05-04,min_variance,ICICIBANK.NS,7.218419359937397
2026-06-01,min_variance,ICICIBANK.NS,6.93807503991043
2024-08-01,min_variance,SBIN.NS,0.0
2024-09-02,min_variance,SBIN.NS,0.0
2024-10-01,min_variance,SBIN.NS,0.0
2024-11-01,min_variance,SBIN.NS,-1.3519118312653224e-15
2024-12-02,min_variance,SBIN.NS,3.7334517840186954e-17
2025-01-01,min_variance,SBIN.NS,2.6598813614945545e-15
2025-02-01,min_variance,SBIN.NS,1.7956791212303092e-15
2025-03-03,min_variance,SBIN.NS,-4.894440114370255e-16
2025-04-01,min_variance,SBIN.NS,-2.1657544886096644e-17
2025-05-02,min_variance,SBIN.NS,-2.3133567146479674e-16
2025-06-02,min_variance,SBIN.NS,2.7671243380855524
2025-07-01,min_variance,SBIN.NS,2.618930994483859
2025-08-01,min_variance,SBIN.NS,-3.795500550287434e-16
2025-09-01,min_variance,SBIN.NS,1.2330722226408575
2025-10-01,min_variance,SBIN.NS,5.367821784717394
2025-11-03,min_variance,SBIN.NS,1.4928416157513102
2025-12-01,min_variance,SBIN.NS,4.228499174224945
2026-01-01,min_variance,SBIN.NS,5.479615968308158
2026-02-02,min_variance,SBIN.NS,5.208562731391813
2026-03-02,min_variance,SBIN.NS,2.921349670283197
2026-04-01,min_variance,SBIN.NS,3.584944141511431
2026-05-04,min_variance,SBIN.NS,4.978182782306817
2026-06-01,min_variance,SBIN.NS,2.92788002342194
2024-08-01,min_variance,ITC.NS,0.0
2024-09-02,min_variance,ITC.NS,0.0
2024-10-01,min_variance,ITC.NS,0.0
2024-11-01,min_variance,ITC.NS,4.178536119578466
2024-12-02,min_variance,ITC.NS,5.547044647199667
2025-01-01,min_variance,ITC.NS,6.009904340568615
2025-02-01,min_variance,ITC.NS,5.367216987338135
2025-03-03,min_variance,ITC.NS,4.99916182891085
2025-04-01,min_variance,ITC.NS,6.201990707082111
2025-05-02,min_variance,ITC.NS,6.993860230150572
2025-06-02,min_variance,ITC.NS,7.662784354552212
2025-07-01,min_variance,ITC.NS,7.991354763935783
2025-08-01,min_variance,ITC.NS,7.732748642779372
2025-09-01,min_variance,ITC.NS,7.270729085419083
2025-10-01,min_variance,ITC.NS,7.450408573450987
2025-11-03,min_variance,ITC.NS,12.9975491296645
2025-12-01,min_variance,ITC.NS,15.506495842160817
2026-01-01,min_variance,ITC.NS,11.465799246310388
2026-02-02,min_variance,ITC.NS,11.09517761771637
2026-03-02,min_variance,ITC.NS,15.089695837621143
2026-04-01,min_variance,ITC.NS,8.730694548037366
2026-05-04,min_variance,ITC.NS,7.902468428547847
2026-06-01,min_variance,ITC.NS,3.9359508576111097
2024-08-01,min_variance,HINDUNILVR.NS,0.0
2024-09-02,min_variance,HINDUNILVR.NS,0.0
2024-10-01,min_variance,HINDUNILVR.NS,0.0
2024-11-01,min_variance,HINDUNILVR.NS,10.943361229927852
2024-12-02,min_variance,HINDUNILVR.NS,8.96770302513945
2025-01-01,min_variance,HINDUNILVR.NS,8.18236691325088
2025-02-01,min_variance,HINDUNILVR.NS,9.381639539581322
2025-03-03,min_variance,HINDUNILVR.NS,8.194595660303266
2025-04-01,min_variance,HINDUNILVR.NS,7.478703065188122
2025-05-02,min_variance,HINDUNILVR.NS,8.380290704392172
2025-06-02,min_variance,HINDUNILVR.NS,9.519944458537214
2025-07-01,min_variance,HINDUNILVR.NS,9.867137930461583
2025-08-01,min_variance,HINDUNILVR.NS,9.932163274645923
2025-09-01,min_variance,HINDUNILVR.NS,8.588355340306068
2025-10-01,min_variance,HINDUNILVR.NS,8.20149009806313
2025-11-03,min_variance,HINDUNILVR.NS,11.542982329633837
2025-12-01,min_variance,HINDUNILVR.NS,12.227448693144902
2026-01-01,min_variance,HINDUNILVR.NS,13.271615024726898
2026-02-02,min_variance,HINDUNILVR.NS,11.677010704034295
2026-03-02,min_variance,HINDUNILVR.NS,9.966526438504289
2026-04-01,min_variance,HINDUNILVR.NS,10.458117207754606
2026-05-04,min_variance,HINDUNILVR.NS,8.02394482331072
2026-06-01,min_variance,HINDUNILVR.NS,6.308079458130209
2024-08-01,min_variance,NESTLEIND.NS,0.0
2024-09-02,min_variance,NESTLEIND.NS,0.0
2024-10-01,min_variance,NESTLEIND.NS,0.0
2024-11-01,min_variance,NESTLEIND.NS,20.263103976668773
2024-12-02,min_variance,NESTLEIND.NS,15.228863439177234
2025-01-01,min_variance,NESTLEIND.NS,11.497840488580092
2025-02-01,min_variance,NESTLEIND.NS,11.071595475826292
2025-03-03,min_variance,NESTLEIND.NS,5.828569391967108
2025-04-01,min_variance,NESTLEIND.NS,7.993720170021892
2025-05-02,min_variance,NESTLEIND.NS,9.471078294770999
2025-06-02,min_variance,NESTLEIND.NS,9.13131958939218
2025-07-01,min_variance,NESTLEIND.NS,6.817180518187485
2025-08-01,min_variance,NESTLEIND.NS,1.4675769560333796
2025-09-01,min_variance,NESTLEIND.NS,-1.5938116760820938e-17
2025-10-01,min_variance,NESTLEIND.NS,8.68449947940306e-16
2025-11-03,min_variance,NESTLEIND.NS,-7.948760646426832e-16
2025-12-01,min_variance,NESTLEIND.NS,-4.526695065137912e-16
2026-01-01,min_variance,NESTLEIND.NS,-4.056459237176887e-16
2026-02-02,min_variance,NESTLEIND.NS,1.5581290053945088e-16
2026-03-02,min_variance,NESTLEIND.NS,2.0737005735001306
2026-04-01,min_variance,NESTLEIND.NS,4.075690480903741
2026-05-04,min_variance,NESTLEIND.NS,2.578974801910887
2026-06-01,min_variance,NESTLEIND.NS,4.727018529479244
2024-08-01,min_variance,SUNPHARMA.NS,0.0
2024-09-02,min_variance,SUNPHARMA.NS,0.0
2024-10-01,min_variance,SUNPHARMA.NS,0.0
2024-11-01,min_variance,SUNPHARMA.NS,-3.208875616512765e-15
2024-12-02,min_variance,SUNPHARMA.NS,1.2557676421622587e-16
2025-01-01,min_variance,SUNPHARMA.NS,3.4742375620020347
2025-02-01,min_variance,SUNPHARMA.NS,0.7749627671691265
2025-03-03,min_variance,SUNPHARMA.NS,6.259630223393215
2025-04-01,min_variance,SUNPHARMA.NS,6.066244306454573
2025-05-02,min_variance,SUNPHARMA.NS,4.552555172384044
2025-06-02,min_variance,SUNPHARMA.NS,7.865177258727406
2025-07-01,min_variance,SUNPHARMA.NS,9.645453014581674
2025-08-01,min_variance,SUNPHARMA.NS,9.413358604782244
2025-09-01,min_variance,SUNPHARMA.NS,6.493968145655714
2025-10-01,min_variance,SUNPHARMA.NS,5.8031523039145645
2025-11-03,min_variance,SUNPHARMA.NS,7.626858714613586
2025-12-01,min_variance,SUNPHARMA.NS,7.0886770537034165
2026-01-01,min_variance,SUNPHARMA.NS,7.645306803738375
2026-02-02,min_variance,SUNPHARMA.NS,7.9626406487486605
2026-03-02,min_variance,SUNPHARMA.NS,8.019589324376707
2026-04-01,min_variance,SUNPHARMA.NS,13.654599494702929
2026-05-04,min_variance,SUNPHARMA.NS,11.541553576007818
2026-06-01,min_variance,SUNPHARMA.NS,8.339386751308977
2024-08-01,min_variance,DRREDDY.NS,0.0
2024-09-02,min_variance,DRREDDY.NS,0.0
2024-10-01,min_variance,DRREDDY.NS,0.0
2024-11-01,min_variance,DRREDDY.NS,8.559601151018763
2024-12-02,min_variance,DRREDDY.NS,9.652001645214071
2025-01-01,min_variance,DRREDDY.NS,5.436044860630852
2025-02-01,min_variance,DRREDDY.NS,8.895257985450037
2025-03-03,min_variance,DRREDDY.NS,7.37530270248853
2025-04-01,min_variance,DRREDDY.NS,7.321435865749085
2025-05-02,min_variance,DRREDDY.NS,8.671797715780794
2025-06-02,min_variance,DRREDDY.NS,8.85981951478814
2025-07-01,min_variance,DRREDDY.NS,7.965033629077089
2025-08-01,min_variance,DRREDDY.NS,8.004032596883846
2025-09-01,min_variance,DRREDDY.NS,8.477262417746237
2025-10-01,min_variance,DRREDDY.NS,7.644275900900988
2025-11-03,min_variance,DRREDDY.NS,8.083532578412523
2025-12-01,min_variance,DRREDDY.NS,7.152129203693981
2026-01-01,min_variance,DRREDDY.NS,6.077187948935735
2026-02-02,min_variance,DRREDDY.NS,4.144583232952191
2026-03-02,min_variance,DRREDDY.NS,3.630745030100709
2026-04-01,min_variance,DRREDDY.NS,2.2653307562942664
2026-05-04,min_variance,DRREDDY.NS,4.978629320146643
2026-06-01,min_variance,DRREDDY.NS,3.8733257876485947
2024-08-01,min_variance,TITAN.NS,0.0
2024-09-02,min_variance,TITAN.NS,0.0
2024-10-01,min_variance,TITAN.NS,0.0
2024-11-01,min_variance,TITAN.NS,10.83771921928533
2024-12-02,min_variance,TITAN.NS,9.069853137930526
2025-01-01,min_variance,TITAN.NS,6.040557399103311
2025-02-01,min_variance,TITAN.NS,5.513336425831831
2025-03-03,min_variance,TITAN.NS,0.9391745556971066
2025-04-01,min_variance,TITAN.NS,1.6983417399270637
2025-05-02,min_variance,TITAN.NS,1.504859502780808
2025-06-02,min_variance,TITAN.NS,0.4542428977867538
2025-07-01,min_variance,TITAN.NS,7.455665097784125e-17
2025-08-01,min_variance,TITAN.NS,0.18883007620030942
2025-09-01,min_variance,TITAN.NS,2.076401730219853
2025-10-01,min_variance,TITAN.NS,-4.68672343315532e-16
2025-11-03,min_variance,TITAN.NS,3.5608323576989705e-16
2025-12-01,min_variance,TITAN.NS,0.468761542367936
2026-01-01,min_variance,TITAN.NS,1.9274506989224054
2026-02-02,min_variance,TITAN.NS,4.378724084656297
2026-03-02,min_variance,TITAN.NS,4.063988871331156
2026-04-01,min_variance,TITAN.NS,4.8072931772826495
2026-05-04,min_variance,TITAN.NS,3.8455469974741168
2026-06-01,min_variance,TITAN.NS,0.8606236783423056
2024-08-01,min_variance,MARUTI.NS,0.0
2024-09-02,min_variance,MARUTI.NS,0.0
2024-10-01,min_variance,MARUTI.NS,0.0
2024-11-01,min_variance,MARUTI.NS,8.905486342294456
2024-12-02,min_variance,MARUTI.NS,6.1154648101265865
2025-01-01,min_variance,MARUTI.NS,2.4929898136226383
2025-02-01,min_variance,MARUTI.NS,2.7751854352580337e-15
2025-03-03,min_variance,MARUTI.NS,3.624705366043088
2025-04-01,min_variance,MARUTI.NS,3.7718150619787907
2025-05-02,min_variance,MARUTI.NS,5.3811246367200845
2025-06-02,min_variance,MARUTI.NS,4.228812859993204
2025-07-01,min_variance,MARUTI.NS,1.9321179904773316
2025-08-01,min_variance,MARUTI.NS,1.6500683328999626
2025-09-01,min_variance,MARUTI.NS,5.504477160766588
2025-10-01,min_variance,MARUTI.NS,9.138764442560172
2025-11-03,min_variance,MARUTI.NS,3.9509002185658075
2025-12-01,min_variance,MARUTI.NS,1.1538411705465674
2026-01-01,min_variance,MARUTI.NS,0.9182686020279329
2026-02-02,min_variance,MARUTI.NS,6.4959227114348606
2026-03-02,min_variance,MARUTI.NS,6.391271391779843
2026-04-01,min_variance,MARUTI.NS,3.1921323456926167
2026-05-04,min_variance,MARUTI.NS,1.018878224466428
2026-06-01,min_variance,MARUTI.NS,2.0719470833649694
2024-08-01,min_variance,TECHM.NS,0.0
2024-09-02,min_variance,TECHM.NS,0.0
2024-10-01,min_variance,TECHM.NS,0.0
2024-11-01,min_variance,TECHM.NS,6.485864702912826e-15
2024-12-02,min_variance,TECHM.NS,-4.6957426158687435e-16
2025-01-01,min_variance,TECHM.NS,4.389186352931403e-15
2025-02-01,min_variance,TECHM.NS,3.559726857457588e-15
2025-03-03,min_variance,TECHM.NS,-4.3576625381452104e-16
2025-04-01,min_variance,TECHM.NS,5.763403553730637e-16
2025-05-02,min_variance,TECHM.NS,7.911906927240505e-16
2025-06-02,min_variance,TECHM.NS,4.650127046044831e-16
2025-07-01,min_variance,TECHM.NS,-3.7486995401584423e-16
2025-08-01,min_variance,TECHM.NS,0.6610828561607069
2025-09-01,min_variance,TECHM.NS,1.7644298938483298
2025-10-01,min_variance,TECHM.NS,1.4473815945074722
2025-11-03,min_variance,TECHM.NS,-2.2314514876903424e-15
2025-12-01,min_variance,TECHM.NS,-5.845448820360421e-16
2026-01-01,min_variance,TECHM.NS,1.3197007676700693e-16
2026-02-02,min_variance,TECHM.NS,2.5254062364007006e-16
2026-03-02,min_variance,TECHM.NS,-2.3188527093880207e-15
2026-04-01,min_variance,TECHM.NS,3.0274540848801124
2026-05-04,min_variance,TECHM.NS,5.769203594597378
2026-06-01,min_variance,TECHM.NS,6.396254125707566
2024-08-01,min_variance,LT.NS,0.0
2024-09-02,min_variance,LT.NS,0.0
2024-10-01,min_variance,LT.NS,0.0
2024-11-01,min_variance,LT.NS,-1.978170888451904e-15
2024-12-02,min_variance,LT.NS,-7.091070466569578e-17
2025-01-01,min_variance,LT.NS,9.677480070276052e-16
2025-02-01,min_variance,LT.NS,0.41776910735959055
2025-03-03,min_variance,LT.NS,-6.907615869923535e-16
2025-04-01,min_variance,LT.NS,6.377189083458175e-16
2025-05-02,min_variance,LT.NS,4.2844488806921104e-16
2025-06-02,min_variance,LT.NS,4.559996411838836e-16
2025-07-01,min_variance,LT.NS,-7.923314874584291e-16
2025-08-01,min_variance,LT.NS,5.683518672743428e-16
2025-09-01,min_variance,LT.NS,5.779447166453236e-16
2025-10-01,min_variance,LT.NS,-2.8523383847280193e-15
2025-11-03,min_variance,LT.NS,-2.9577635885660717e-16
2025-12-01,min_variance,LT.NS,5.09075580553289e-16
2026-01-01,min_variance,LT.NS,-4.090442749230167e-17
2026-02-02,min_variance,LT.NS,1.4292876920677912e-15
2026-03-02,min_variance,LT.NS,1.0903957017955576e-15
2026-04-01,min_variance,LT.NS,-1.8610707809550855e-16
2026-05-04,min_variance,LT.NS,1.1278018672825702e-15
2026-06-01,min_variance,LT.NS,-5.672425118989344e-17
2024-08-01,min_variance,ONGC.NS,0.0
2024-09-02,min_variance,ONGC.NS,0.0
2024-10-01,min_variance,ONGC.NS,0.0
2024-11-01,min_variance,ONGC.NS,1.3566200563851973e-15
2024-12-02,min_variance,ONGC.NS,4.65311233855098e-15
2025-01-01,min_variance,ONGC.NS,2.193363642907288e-16
2025-02-01,min_variance,ONGC.NS,-2.9531729389752145e-16
2025-03-03,min_variance,ONGC.NS,-4.965325169787209e-16
2025-04-01,min_variance,ONGC.NS,2.9554937972540434e-15
2025-05-02,min_variance,ONGC.NS,3.395753186961662e-15
2025-06-02,min_variance,ONGC.NS,3.378422525069074e-15
2025-07-01,min_variance,ONGC.NS,-7.852506215158573e-16
2025-08-01,min_variance,ONGC.NS,2.905631594399385e-15
2025-09-01,min_variance,ONGC.NS,-8.412723826023342e-16
2025-10-01,min_variance,ONGC.NS,1.3140342107039525e-15
2025-11-03,min_variance,ONGC.NS,-5.2938081696436173e-17
2025-12-01,min_variance,ONGC.NS,1.8604647209283527e-16
2026-01-01,min_variance,ONGC.NS,-1.2484995903101432e-15
2026-02-02,min_variance,ONGC.NS,-6.992811836323616e-16
2026-03-02,min_variance,ONGC.NS,5.893637622143828e-16
2026-04-01,min_variance,ONGC.NS,8.545921615318113
2026-05-04,min_variance,ONGC.NS,12.50948246222629
2026-06-01,min_variance,ONGC.NS,13.61082666771691
2024-08-01,min_variance,GOLDBEES.NS,0.0
2024-09-02,min_variance,GOLDBEES.NS,0.0
2024-10-01,min_variance,GOLDBEES.NS,0.0
2024-11-01,min_variance,GOLDBEES.NS,21.658331727728566
2024-12-02,min_variance,GOLDBEES.NS,25.0
2025-01-01,min_variance,GOLDBEES.NS,25.0
2025-02-01,min_variance,GOLDBEES.NS,23.598146742166538
2025-03-03,min_variance,GOLDBEES.NS,25.0
2025-04-01,min_variance,GOLDBEES.NS,25.0
2025-05-02,min_variance,GOLDBEES.NS,25.0
2025-06-02,min_variance,GOLDBEES.NS,25.0
2025-07-01,min_variance,GOLDBEES.NS,25.0
2025-08-01,min_variance,GOLDBEES.NS,25.0
2025-09-01,min_variance,GOLDBEES.NS,25.0
2025-10-01,min_variance,GOLDBEES.NS,25.0
2025-11-03,min_variance,GOLDBEES.NS,22.322263289687257
2025-12-01,min_variance,GOLDBEES.NS,19.46001336250921
2026-01-01,min_variance,GOLDBEES.NS,18.022179241246157
2026-02-02,min_variance,GOLDBEES.NS,12.204566544522903
2026-03-02,min_variance,GOLDBEES.NS,10.185534993455525
2026-04-01,min_variance,GOLDBEES.NS,9.514778050052417
2026-05-04,min_variance,GOLDBEES.NS,7.582208857815548
2026-06-01,min_variance,GOLDBEES.NS,7.246189981790406
2024-08-01,min_variance,INDIGO.NS,0.0
2024-09-02,min_variance,INDIGO.NS,0.0
2024-10-01,min_variance,INDIGO.NS,0.0
2024-11-01,min_variance,INDIGO.NS,4.14404130797712e-15
2024-12-02,min_variance,INDIGO.NS,2.0643431087112152e-15
2025-01-01,min_variance,INDIGO.NS,2.947344819061391e-15
2025-02-01,min_variance,INDIGO.NS,3.749355480819045e-15
2025-03-03,min_variance,INDIGO.NS,2.353861272237938
2025-04-01,min_variance,INDIGO.NS,0.564311456810269
2025-05-02,min_variance,INDIGO.NS,0.4376631386731287
2025-06-02,min_variance,INDIGO.NS,9.124768052718164e-16
2025-07-01,min_variance,INDIGO.NS,-2.354603885337287e-16
2025-08-01,min_variance,INDIGO.NS,2.65497529609831
2025-09-01,min_variance,INDIGO.NS,1.627798707087083
2025-10-01,min_variance,INDIGO.NS,1.3217265172698884
2025-11-03,min_variance,INDIGO.NS,0.15957291168055093
2025-12-01,min_variance,INDIGO.NS,1.0441067140569881e-15
2026-01-01,min_variance,INDIGO.NS,-5.85920970087963e-16
2026-02-02,min_variance,INDIGO.NS,-4.1311033868064134e-16
2026-03-02,min_variance,INDIGO.NS,-8.244549249010204e-16
2026-04-01,min_variance,INDIGO.NS,-2.0407711211223535e-15
2026-05-04,min_variance,INDIGO.NS,9.734810311734835e-16
2026-06-01,min_variance,INDIGO.NS,-4.2213952589916494e-16
2024-08-01,min_variance,PERSISTENT.NS,0.0
2024-09-02,min_variance,PERSISTENT.NS,0.0
2024-10-01,min_variance,PERSISTENT.NS,0.0
2024-11-01,min_variance,PERSISTENT.NS,2.2932503736690807e-15
2024-12-02,min_variance,PERSISTENT.NS,-2.533117772107448e-15
2025-01-01,min_variance,PERSISTENT.NS,-2.496605678318982e-15
2025-02-01,min_variance,PERSISTENT.NS,4.347957887996888e-16
2025-03-03,min_variance,PERSISTENT.NS,-7.977485068480701e-16
2025-04-01,min_variance,PERSISTENT.NS,2.460803268123655e-15
2025-05-02,min_variance,PERSISTENT.NS,8.435251575469207e-17
2025-06-02,min_variance,PERSISTENT.NS,8.453513166412486e-16
2025-07-01,min_variance,PERSISTENT.NS,-1.5319094804622103e-16
2025-08-01,min_variance,PERSISTENT.NS,-3.0631346686408954e-17
2025-09-01,min_variance,PERSISTENT.NS,8.134414834854965e-16
2025-10-01,min_variance,PERSISTENT.NS,1.4302133041374355e-16
2025-11-03,min_variance,PERSISTENT.NS,-1.705692355145983e-15
2025-12-01,min_variance,PERSISTENT.NS,-9.323516513369827e-16
2026-01-01,min_variance,PERSISTENT.NS,-1.2286087311092756e-15
2026-02-02,min_variance,PERSISTENT.NS,-8.361511295991735e-17
2026-03-02,min_variance,PERSISTENT.NS,8.369544180547306e-16
2026-04-01,min_variance,PERSISTENT.NS,-9.314902130072037e-16
2026-05-04,min_variance,PERSISTENT.NS,-1.3416670084956917e-18
2026-06-01,min_variance,PERSISTENT.NS,6.73950205239409e-16
2024-08-01,min_variance,FEDERALBNK.NS,0.0
2024-09-02,min_variance,FEDERALBNK.NS,0.0
2024-10-01,min_variance,FEDERALBNK.NS,0.0
2024-11-01,min_variance,FEDERALBNK.NS,3.787840143579071e-16
2024-12-02,min_variance,FEDERALBNK.NS,-1.0134297976469084e-15
2025-01-01,min_variance,FEDERALBNK.NS,0.5010270449301154
2025-02-01,min_variance,FEDERALBNK.NS,1.4588879760295569e-15
2025-03-03,min_variance,FEDERALBNK.NS,3.5046384288167283
2025-04-01,min_variance,FEDERALBNK.NS,2.2637316701435894
2025-05-02,min_variance,FEDERALBNK.NS,2.721624789676158
2025-06-02,min_variance,FEDERALBNK.NS,1.501778150182107
2025-07-01,min_variance,FEDERALBNK.NS,3.117054391010498
2025-08-01,min_variance,FEDERALBNK.NS,3.731222382929574
2025-09-01,min_variance,FEDERALBNK.NS,3.9455707196765575
2025-10-01,min_variance,FEDERALBNK.NS,4.373521688237318
2025-11-03,min_variance,FEDERALBNK.NS,6.560447645685702
2025-12-01,min_variance,FEDERALBNK.NS,6.170867691726242
2026-01-01,min_variance,FEDERALBNK.NS,5.709568608583808
2026-02-02,min_variance,FEDERALBNK.NS,6.535856725111615
2026-03-02,min_variance,FEDERALBNK.NS,6.301487839756545
2026-04-01,min_variance,FEDERALBNK.NS,6.300750479262905
2026-05-04,min_variance,FEDERALBNK.NS,3.223215369331736
2026-06-01,min_variance,FEDERALBNK.NS,5.965128886880321
2024-08-01,min_variance,LUPIN.NS,0.0
2024-09-02,min_variance,LUPIN.NS,0.0
2024-10-01,min_variance,LUPIN.NS,0.0
2024-11-01,min_variance,LUPIN.NS,1.1646679535285027e-15
2024-12-02,min_variance,LUPIN.NS,8.360651564546804e-16
2025-01-01,min_variance,LUPIN.NS,1.1905103729943048e-15
2025-02-01,min_variance,LUPIN.NS,3.916430564192102e-15
2025-03-03,min_variance,LUPIN.NS,1.0270988619667094
2025-04-01,min_variance,LUPIN.NS,1.158074756927336
2025-05-02,min_variance,LUPIN.NS,3.42820261504517e-15
2025-06-02,min_variance,LUPIN.NS,1.7465909583919974e-15
2025-07-01,min_variance,LUPIN.NS,-7.857453359960309e-17
2025-08-01,min_variance,LUPIN.NS,-1.3373087250305572e-15
2025-09-01,min_variance,LUPIN.NS,-8.201952886819238e-16
2025-10-01,min_variance,LUPIN.NS,6.001496755217897e-16
2025-11-03,min_variance,LUPIN.NS,-6.658789777184354e-16
2025-12-01,min_variance,LUPIN.NS,1.2198642981834889e-15
2026-01-01,min_variance,LUPIN.NS,1.9746044292022532e-16
2026-02-02,min_variance,LUPIN.NS,-1.008469438694073e-15
2026-03-02,min_variance,LUPIN.NS,0.19474412818601297
2026-04-01,min_variance,LUPIN.NS,-4.071649057023975e-15
2026-05-04,min_variance,LUPIN.NS,2.9407996524059916
2026-06-01,min_variance,LUPIN.NS,5.441301028208707
2024-08-01,min_variance,MARICO.NS,0.0
2024-09-02,min_variance,MARICO.NS,0.0
2024-10-01,min_variance,MARICO.NS,0.0
2024-11-01,min_variance,MARICO.NS,-2.6476327051329506e-15
2024-12-02,min_variance,MARICO.NS,-7.876042751561567e-16
2025-01-01,min_variance,MARICO.NS,0.3634582522766483
2025-02-01,min_variance,MARICO.NS,2.693519995181247e-15
2025-03-03,min_variance,MARICO.NS,2.616598561361385
2025-04-01,min_variance,MARICO.NS,1.0366567780115872
2025-05-02,min_variance,MARICO.NS,-4.362069404401017e-16
2025-06-02,min_variance,MARICO.NS,3.982283995430708e-16
2025-07-01,min_variance,MARICO.NS,0.39968752627503307
2025-08-01,min_variance,MARICO.NS,4.087663875992957
2025-09-01,min_variance,MARICO.NS,4.728292685325633
2025-10-01,min_variance,MARICO.NS,4.713289120066733
2025-11-03,min_variance,MARICO.NS,1.496605926040572
2025-12-01,min_variance,MARICO.NS,1.7333731834519688
2026-01-01,min_variance,MARICO.NS,3.202596715852067
2026-02-02,min_variance,MARICO.NS,3.4534070590093875
2026-03-02,min_variance,MARICO.NS,3.0795514145380074
2026-04-01,min_variance,MARICO.NS,9.914973885149033
2026-05-04,min_variance,MARICO.NS,9.75502642129786
2026-06-01,min_variance,MARICO.NS,12.30039711357315
2024-08-01,min_variance,AUROPHARMA.NS,0.0
2024-09-02,min_variance,AUROPHARMA.NS,0.0
2024-10-01,min_variance,AUROPHARMA.NS,0.0
2024-11-01,min_variance,AUROPHARMA.NS,-1.672888502910004e-15
2024-12-02,min_variance,AUROPHARMA.NS,2.4288174126809006
2025-01-01,min_variance,AUROPHARMA.NS,3.0741274665096388
2025-02-01,min_variance,AUROPHARMA.NS,5.953942958180117
2025-03-03,min_variance,AUROPHARMA.NS,2.0303392237251345
2025-04-01,min_variance,AUROPHARMA.NS,2.003669726837692
2025-05-02,min_variance,AUROPHARMA.NS,0.8498302423535579
2025-06-02,min_variance,AUROPHARMA.NS,1.141413715090945
2025-07-01,min_variance,AUROPHARMA.NS,0.5299604443799207
2025-08-01,min_variance,AUROPHARMA.NS,-1.4932261138261818e-15
2025-09-01,min_variance,AUROPHARMA.NS,5.617509993444749e-17
2025-10-01,min_variance,AUROPHARMA.NS,-7.832833552311e-16
2025-11-03,min_variance,AUROPHARMA.NS,-1.7804462156847073e-16
2025-12-01,min_variance,AUROPHARMA.NS,-6.995321219392594e-16
2026-01-01,min_variance,AUROPHARMA.NS,-1.0049437473337876e-15
2026-02-02,min_variance,AUROPHARMA.NS,1.3961867127241633e-17
2026-03-02,min_variance,AUROPHARMA.NS,3.0841514347449967e-16
2026-04-01,min_variance,AUROPHARMA.NS,-3.970079473355071e-15
2026-05-04,min_variance,AUROPHARMA.NS,0.39186576898631786
2026-06-01,min_variance,AUROPHARMA.NS,2.7673340929427153
2024-08-01,min_variance,BHARATFORG.NS,0.0
2024-09-02,min_variance,BHARATFORG.NS,0.0
2024-10-01,min_variance,BHARATFORG.NS,0.0
2024-11-01,min_variance,BHARATFORG.NS,1.3546246625119803e-15
2024-12-02,min_variance,BHARATFORG.NS,-1.7747084144578272e-15
2025-01-01,min_variance,BHARATFORG.NS,-1.0407541865334644e-15
2025-02-01,min_variance,BHARATFORG.NS,1.0537526525146592
2025-03-03,min_variance,BHARATFORG.NS,-1.3908327758982006e-15
2025-04-01,min_variance,BHARATFORG.NS,6.728797052307039e-16
2025-05-02,min_variance,BHARATFORG.NS,-2.6240654694917804e-15
2025-06-02,min_variance,BHARATFORG.NS,1.4481425950594435e-15
2025-07-01,min_variance,BHARATFORG.NS,-1.2449060102172532e-17
2025-08-01,min_variance,BHARATFORG.NS,-1.885381605589507e-15
2025-09-01,min_variance,BHARATFORG.NS,-2.6249023855418693e-16
2025-10-01,min_variance,BHARATFORG.NS,4.850731339818852e-16
2025-11-03,min_variance,BHARATFORG.NS,1.948461605209146e-16
2025-12-01,min_variance,BHARATFORG.NS,8.88832256250455e-17
2026-01-01,min_variance,BHARATFORG.NS,1.1617487387402071e-15
2026-02-02,min_variance,BHARATFORG.NS,1.2584520267766639e-15
2026-03-02,min_variance,BHARATFORG.NS,1.7557266818369368e-15
2026-04-01,min_variance,BHARATFORG.NS,1.5559553658728442e-15
2026-05-04,min_variance,BHARATFORG.NS,1.4989868283671973e-15
2026-06-01,min_variance,BHARATFORG.NS,2.202712597973696e-15
2024-08-01,min_variance,HEROMOTOCO.NS,0.0
2024-09-02,min_variance,HEROMOTOCO.NS,0.0
2024-10-01,min_variance,HEROMOTOCO.NS,0.0
2024-11-01,min_variance,HEROMOTOCO.NS,2.119365432661841e-15
2024-12-02,min_variance,HEROMOTOCO.NS,5.341901607387024e-16
2025-01-01,min_variance,HEROMOTOCO.NS,2.8003813253444063
2025-02-01,min_variance,HEROMOTOCO.NS,1.9397453915832037
2025-03-03,min_variance,HEROMOTOCO.NS,1.2429376326758753e-16
2025-04-01,min_variance,HEROMOTOCO.NS,2.028637105447257
2025-05-02,min_variance,HEROMOTOCO.NS,2.242167579276858
2025-06-02,min_variance,HEROMOTOCO.NS,1.6126307799560857
2025-07-01,min_variance,HEROMOTOCO.NS,1.8882015614239436
2025-08-01,min_variance,HEROMOTOCO.NS,2.6133428973250723e-15
2025-09-01,min_variance,HEROMOTOCO.NS,1.072716374980055e-16
2025-10-01,min_variance,HEROMOTOCO.NS,1.6260301706775838e-16
2025-11-03,min_variance,HEROMOTOCO.NS,-2.775253459704412e-16
2025-12-01,min_variance,HEROMOTOCO.NS,2.3980325943669615e-16
2026-01-01,min_variance,HEROMOTOCO.NS,1.0634303974924478e-15
2026-02-02,min_variance,HEROMOTOCO.NS,9.285255039357549e-17
2026-03-02,min_variance,HEROMOTOCO.NS,1.1423451002867575e-15
2026-04-01,min_variance,HEROMOTOCO.NS,1.361503359325238e-16
2026-05-04,min_variance,HEROMOTOCO.NS,-1.12138240240964e-15
2026-06-01,min_variance,HEROMOTOCO.NS,7.067320935857513e-16
2024-08-01,utility_ra2,RELIANCE.NS,6.793185721215125e-14
2024-09-02,utility_ra2,RELIANCE.NS,-8.785019969602357e-14
2024-10-01,utility_ra2,RELIANCE.NS,-4.713498916265292e-15
2024-11-01,utility_ra2,RELIANCE.NS,1.9774925004327824e-14
2024-12-02,utility_ra2,RELIANCE.NS,-5.4420115352527065e-14
2025-01-01,utility_ra2,RELIANCE.NS,-1.0441484000096156e-14
2025-02-01,utility_ra2,RELIANCE.NS,-1.6389168817202896e-14
2025-03-03,utility_ra2,RELIANCE.NS,-1.0831696375169647e-14
2025-04-01,utility_ra2,RELIANCE.NS,-1.474964164252907e-14
2025-05-02,utility_ra2,RELIANCE.NS,3.7921227265881435e-15
2025-06-02,utility_ra2,RELIANCE.NS,3.5782516419934005e-14
2025-07-01,utility_ra2,RELIANCE.NS,6.1004963302951416e-15
2025-08-01,utility_ra2,RELIANCE.NS,4.410185796969331e-15
2025-09-01,utility_ra2,RELIANCE.NS,-4.2410178064974994e-14
2025-10-01,utility_ra2,RELIANCE.NS,-4.433273520188592e-14
2025-11-03,utility_ra2,RELIANCE.NS,-2.5674752638575994e-15
2025-12-01,utility_ra2,RELIANCE.NS,-4.4139658285715077e-16
2026-01-01,utility_ra2,RELIANCE.NS,0.0
2026-02-02,utility_ra2,RELIANCE.NS,-4.140964294525091e-15
2026-03-02,utility_ra2,RELIANCE.NS,-2.856277030975821e-14
2026-04-01,utility_ra2,RELIANCE.NS,-1.3191326178048594e-14
2026-05-04,utility_ra2,RELIANCE.NS,-2.017755542604805e-14
2026-06-01,utility_ra2,RELIANCE.NS,4.8423161171148044e-15
2024-08-01,utility_ra2,TCS.NS,1.2960516865315084e-14
2024-09-02,utility_ra2,TCS.NS,2.297775303823234e-14
2024-10-01,utility_ra2,TCS.NS,2.280836642862687e-14
2024-11-01,utility_ra2,TCS.NS,7.191541610866306e-15
2024-12-02,utility_ra2,TCS.NS,-2.0310223227847997e-14
2025-01-01,utility_ra2,TCS.NS,1.6418422243791977e-14
2025-02-01,utility_ra2,TCS.NS,-7.454954758185063e-15
2025-03-03,utility_ra2,TCS.NS,2.4837192941060755e-14
2025-04-01,utility_ra2,TCS.NS,2.3644859744927787e-14
2025-05-02,utility_ra2,TCS.NS,2.392049609775578e-14
2025-06-02,utility_ra2,TCS.NS,2.4721490471988904e-14
2025-07-01,utility_ra2,TCS.NS,5.585943204065512e-15
2025-08-01,utility_ra2,TCS.NS,-2.6274192574992495e-15
2025-09-01,utility_ra2,TCS.NS,-3.563250017499146e-14
2025-10-01,utility_ra2,TCS.NS,-1.3461121312058522e-14
2025-11-03,utility_ra2,TCS.NS,-1.5515882064984648e-14
2025-12-01,utility_ra2,TCS.NS,-7.57577288895286e-15
2026-01-01,utility_ra2,TCS.NS,-2.6627235130938566e-15
2026-02-02,utility_ra2,TCS.NS,1.1132536494946319e-15
2026-03-02,utility_ra2,TCS.NS,-1.7430257980210858e-14
2026-04-01,utility_ra2,TCS.NS,2.10893095340202e-15
2026-05-04,utility_ra2,TCS.NS,-3.5895258439734916e-14
2026-06-01,utility_ra2,TCS.NS,-3.240442526249481e-14
2024-08-01,utility_ra2,INFY.NS,-1.4009004095510734e-14
2024-09-02,utility_ra2,INFY.NS,1.0358213312739994e-15
2024-10-01,utility_ra2,INFY.NS,4.0275583140157434e-14
2024-11-01,utility_ra2,INFY.NS,-1.420186235898931e-14
2024-12-02,utility_ra2,INFY.NS,-4.013566438026079e-14
2025-01-01,utility_ra2,INFY.NS,-1.455872916786934e-14
2025-02-01,utility_ra2,INFY.NS,7.338361610468979e-16
2025-03-03,utility_ra2,INFY.NS,2.0249727459150224e-14
2025-04-01,utility_ra2,INFY.NS,3.2145393614339734e-14
2025-05-02,utility_ra2,INFY.NS,-1.9678119872147e-14
2025-06-02,utility_ra2,INFY.NS,-3.138949192535009e-14
2025-07-01,utility_ra2,INFY.NS,6.217160098919226e-14
2025-08-01,utility_ra2,INFY.NS,9.373513350156432e-16
2025-09-01,utility_ra2,INFY.NS,-1.4474921222424404e-14
2025-10-01,utility_ra2,INFY.NS,-2.1527194375342377e-14
2025-11-03,utility_ra2,INFY.NS,-8.925729537419532e-15
2025-12-01,utility_ra2,INFY.NS,4.353853371365382e-15
2026-01-01,utility_ra2,INFY.NS,1.0479803367658709e-14
2026-02-02,utility_ra2,INFY.NS,-8.318142432713743e-16
2026-03-02,utility_ra2,INFY.NS,-2.870731176424695e-14
2026-04-01,utility_ra2,INFY.NS,-1.1847702996778208e-15
2026-05-04,utility_ra2,INFY.NS,-3.0264713799850832e-15
2026-06-01,utility_ra2,INFY.NS,2.200371903288743e-14
2024-08-01,utility_ra2,HDFCBANK.NS,-4.2631850979368375e-15
2024-09-02,utility_ra2,HDFCBANK.NS,5.6841070748935535e-14
2024-10-01,utility_ra2,HDFCBANK.NS,1.1969816482667006e-14
2024-11-01,utility_ra2,HDFCBANK.NS,-1.8459972241802238e-15
2024-12-02,utility_ra2,HDFCBANK.NS,-3.8443343258402196e-14
2025-01-01,utility_ra2,HDFCBANK.NS,1.8129906523830322e-15
2025-02-01,utility_ra2,HDFCBANK.NS,-2.9388874619552803e-14
2025-03-03,utility_ra2,HDFCBANK.NS,20.384089759208184
2025-04-01,utility_ra2,HDFCBANK.NS,-7.278334936019646e-15
2025-05-02,utility_ra2,HDFCBANK.NS,1.592658226654556e-14
2025-06-02,utility_ra2,HDFCBANK.NS,9.96011062833123
2025-07-01,utility_ra2,HDFCBANK.NS,-2.2769198476908728e-14
2025-08-01,utility_ra2,HDFCBANK.NS,24.999999999999996
2025-09-01,utility_ra2,HDFCBANK.NS,19.343788217330022
2025-10-01,utility_ra2,HDFCBANK.NS,11.064254123168833
2025-11-03,utility_ra2,HDFCBANK.NS,-1.7847350447801113e-14
2025-12-01,utility_ra2,HDFCBANK.NS,-1.75091576614882e-14
2026-01-01,utility_ra2,HDFCBANK.NS,1.0892012801431912e-14
2026-02-02,utility_ra2,HDFCBANK.NS,1.8707784970243006e-15
2026-03-02,utility_ra2,HDFCBANK.NS,-1.472366997168554e-14
2026-04-01,utility_ra2,HDFCBANK.NS,-5.762506646337562e-14
2026-05-04,utility_ra2,HDFCBANK.NS,-3.189844023891059e-14
2026-06-01,utility_ra2,HDFCBANK.NS,-4.3830935836699144e-14
2024-08-01,utility_ra2,ICICIBANK.NS,5.605851179600286e-14
2024-09-02,utility_ra2,ICICIBANK.NS,-1.1600205065122666e-14
2024-10-01,utility_ra2,ICICIBANK.NS,3.6959767754130945e-15
2024-11-01,utility_ra2,ICICIBANK.NS,9.302655771759364e-15
2024-12-02,utility_ra2,ICICIBANK.NS,3.589316015141261e-15
2025-01-01,utility_ra2,ICICIBANK.NS,6.673363945404258e-15
2025-02-01,utility_ra2,ICICIBANK.NS,4.6704768288083584e-15
2025-03-03,utility_ra2,ICICIBANK.NS,-2.6998203857601775e-14
2025-04-01,utility_ra2,ICICIBANK.NS,1.4187830583362343e-14
2025-05-02,utility_ra2,ICICIBANK.NS,5.092962248211876
2025-06-02,utility_ra2,ICICIBANK.NS,25.000000000000032
2025-07-01,utility_ra2,ICICIBANK.NS,-1.0391821876561389e-15
2025-08-01,utility_ra2,ICICIBANK.NS,24.99999999999992
2025-09-01,utility_ra2,ICICIBANK.NS,8.556357114899422
2025-10-01,utility_ra2,ICICIBANK.NS,-1.6139427022622054e-14
2025-11-03,utility_ra2,ICICIBANK.NS,-3.4423386057223364e-15
2025-12-01,utility_ra2,ICICIBANK.NS,-2.1877445442431778e-15
2026-01-01,utility_ra2,ICICIBANK.NS,-1.4242378900785408e-14
2026-02-02,utility_ra2,ICICIBANK.NS,-9.407347384785036e-16
2026-03-02,utility_ra2,ICICIBANK.NS,-1.8670748993595455e-14
2026-04-01,utility_ra2,ICICIBANK.NS,1.1979573538381416e-14
2026-05-04,utility_ra2,ICICIBANK.NS,1.6777873435084898e-14
2026-06-01,utility_ra2,ICICIBANK.NS,-7.399211349236255e-15
2024-08-01,utility_ra2,SBIN.NS,2.8658189743088083e-14
2024-09-02,utility_ra2,SBIN.NS,-7.256113227117678e-16
2024-10-01,utility_ra2,SBIN.NS,1.4343568749599664e-14
2024-11-01,utility_ra2,SBIN.NS,-2.4930227905660977e-14
2024-12-02,utility_ra2,SBIN.NS,12.139701147559613
2025-01-01,utility_ra2,SBIN.NS,-2.94196029590223e-15
2025-02-01,utility_ra2,SBIN.NS,-1.2554798111651642e-15
2025-03-03,utility_ra2,SBIN.NS,-1.723252280184507e-14
2025-04-01,utility_ra2,SBIN.NS,-1.3842868587136413e-14
2025-05-02,utility_ra2,SBIN.NS,3.6368834883832926e-14
2025-06-02,utility_ra2,SBIN.NS,5.3768487068618456e-14
2025-07-01,utility_ra2,SBIN.NS,-1.7875440876721544e-14
2025-08-01,utility_ra2,SBIN.NS,-7.027969379311828e-15
2025-09-01,utility_ra2,SBIN.NS,-7.185683427911369e-15
2025-10-01,utility_ra2,SBIN.NS,13.935745876831035
2025-11-03,utility_ra2,SBIN.NS,0.0
2025-12-01,utility_ra2,SBIN.NS,-4.646099299201581e-15
2026-01-01,utility_ra2,SBIN.NS,2.2598627864727215e-14
2026-02-02,utility_ra2,SBIN.NS,24.99999999999994
2026-03-02,utility_ra2,SBIN.NS,24.999999999999993
2026-04-01,utility_ra2,SBIN.NS,13.892568184291958
2026-05-04,utility_ra2,SBIN.NS,15.18161677768587
2026-06-01,utility_ra2,SBIN.NS,9.111740427794993
2024-08-01,utility_ra2,ITC.NS,-1.9761923184184446e-14
2024-09-02,utility_ra2,ITC.NS,2.5410818329281766e-14
2024-10-01,utility_ra2,ITC.NS,-1.5585256061881337e-14
2024-11-01,utility_ra2,ITC.NS,1.3673421446663293e-14
2024-12-02,utility_ra2,ITC.NS,-3.111035918792149e-14
2025-01-01,utility_ra2,ITC.NS,5.091582866359509e-15
2025-02-01,utility_ra2,ITC.NS,-1.8970418709720632e-14
2025-03-03,utility_ra2,ITC.NS,2.1975769483236614e-14
2025-04-01,utility_ra2,ITC.NS,-6.595713007518748e-14
2025-05-02,utility_ra2,ITC.NS,5.947095698690619e-15
2025-06-02,utility_ra2,ITC.NS,-8.827025542453033e-16
2025-07-01,utility_ra2,ITC.NS,-2.3285129526241058e-14
2025-08-01,utility_ra2,ITC.NS,-4.673606468486598e-15
2025-09-01,utility_ra2,ITC.NS,-8.703098183261641e-15
2025-10-01,utility_ra2,ITC.NS,-2.0297994687320526e-14
2025-11-03,utility_ra2,ITC.NS,-1.2167010670569418e-14
2025-12-01,utility_ra2,ITC.NS,-8.033080992244247e-16
2026-01-01,utility_ra2,ITC.NS,1.3125936802768164e-15
2026-02-02,utility_ra2,ITC.NS,-5.0691328481271755e-15
2026-03-02,utility_ra2,ITC.NS,-4.05099736720798e-14
2026-04-01,utility_ra2,ITC.NS,-8.132961869118174e-14
2026-05-04,utility_ra2,ITC.NS,3.708842690290025e-14
2026-06-01,utility_ra2,ITC.NS,6.438254443091748e-15
2024-08-01,utility_ra2,HINDUNILVR.NS,-2.6134870047292475e-15
2024-09-02,utility_ra2,HINDUNILVR.NS,2.8398106359901744e-14
2024-10-01,utility_ra2,HINDUNILVR.NS,-2.1180983455832644e-14
2024-11-01,utility_ra2,HINDUNILVR.NS,-6.096594304080938e-15
2024-12-02,utility_ra2,HINDUNILVR.NS,-3.51992644747019e-14
2025-01-01,utility_ra2,HINDUNILVR.NS,8.503797570146193e-15
2025-02-01,utility_ra2,HINDUNILVR.NS,-3.949509728163589e-14
2025-03-03,utility_ra2,HINDUNILVR.NS,-1.0815307614960675e-14
2025-04-01,utility_ra2,HINDUNILVR.NS,-6.2375633793172524e-15
2025-05-02,utility_ra2,HINDUNILVR.NS,7.513018757316425e-14
2025-06-02,utility_ra2,HINDUNILVR.NS,-8.081250734065911e-15
2025-07-01,utility_ra2,HINDUNILVR.NS,1.745568155342017e-14
2025-08-01,utility_ra2,HINDUNILVR.NS,-6.993105453157145e-16
2025-09-01,utility_ra2,HINDUNILVR.NS,-1.9297977666998813e-14
2025-10-01,utility_ra2,HINDUNILVR.NS,6.768779687638908e-15
2025-11-03,utility_ra2,HINDUNILVR.NS,1.0824542720073856e-14
2025-12-01,utility_ra2,HINDUNILVR.NS,-1.1545343932561614e-14
2026-01-01,utility_ra2,HINDUNILVR.NS,-3.045539745954669e-15
2026-02-02,utility_ra2,HINDUNILVR.NS,-3.2746987004969693e-15
2026-03-02,utility_ra2,HINDUNILVR.NS,-3.994525928435274e-14
2026-04-01,utility_ra2,HINDUNILVR.NS,-6.272252106244819e-14
2026-05-04,utility_ra2,HINDUNILVR.NS,-2.3578401384830886e-14
2026-06-01,utility_ra2,HINDUNILVR.NS,-1.8755530843315565e-15
2024-08-01,utility_ra2,NESTLEIND.NS,1.1200913235663587e-13
2024-09-02,utility_ra2,NESTLEIND.NS,-2.8938883723587544e-14
2024-10-01,utility_ra2,NESTLEIND.NS,-2.346201530636026e-14
2024-11-01,utility_ra2,NESTLEIND.NS,-6.434254571706004e-14
2024-12-02,utility_ra2,NESTLEIND.NS,-3.602110525660852e-14
2025-01-01,utility_ra2,NESTLEIND.NS,-3.228744675069635e-15
2025-02-01,utility_ra2,NESTLEIND.NS,2.1322410775748178e-14
2025-03-03,utility_ra2,NESTLEIND.NS,3.287464315735016e-14
2025-04-01,utility_ra2,NESTLEIND.NS,-4.495936893892917e-14
2025-05-02,utility_ra2,NESTLEIND.NS,-5.682400356948151e-14
2025-06-02,utility_ra2,NESTLEIND.NS,4.9496790892102175e-15
2025-07-01,utility_ra2,NESTLEIND.NS,-2.8882959502868885e-14
2025-08-01,utility_ra2,NESTLEIND.NS,-4.80057775151981e-15
2025-09-01,utility_ra2,NESTLEIND.NS,-4.765795557594326e-15
2025-10-01,utility_ra2,NESTLEIND.NS,-4.016008141889399e-15
2025-11-03,utility_ra2,NESTLEIND.NS,-1.971727294518857e-14
2025-12-01,utility_ra2,NESTLEIND.NS,-4.082869025704965e-15
2026-01-01,utility_ra2,NESTLEIND.NS,5.4281472219302395e-15
2026-02-02,utility_ra2,NESTLEIND.NS,-2.288439930099776e-28
2026-03-02,utility_ra2,NESTLEIND.NS,-1.7222463001676263e-14
2026-04-01,utility_ra2,NESTLEIND.NS,-3.249623941516224e-14
2026-05-04,utility_ra2,NESTLEIND.NS,2.9701067184914884e-14
2026-06-01,utility_ra2,NESTLEIND.NS,5.307375157593968
2024-08-01,utility_ra2,SUNPHARMA.NS,-3.381862831092532e-15
2024-09-02,utility_ra2,SUNPHARMA.NS,-1.3668127710120897e-14
2024-10-01,utility_ra2,SUNPHARMA.NS,-6.1788141715979695e-15
2024-11-01,utility_ra2,SUNPHARMA.NS,18.81664361718252
2024-12-02,utility_ra2,SUNPHARMA.NS,12.860298852440536
2025-01-01,utility_ra2,SUNPHARMA.NS,25.0
2025-02-01,utility_ra2,SUNPHARMA.NS,-2.0469928824819843e-14
2025-03-03,utility_ra2,SUNPHARMA.NS,1.9718934738206594e-14
2025-04-01,utility_ra2,SUNPHARMA.NS,2.7936682674745492e-14
2025-05-02,utility_ra2,SUNPHARMA.NS,5.1196349223519673e-14
2025-06-02,utility_ra2,SUNPHARMA.NS,2.700256197734615e-14
2025-07-01,utility_ra2,SUNPHARMA.NS,3.296708201550045e-14
2025-08-01,utility_ra2,SUNPHARMA.NS,-5.183177932348909e-15
2025-09-01,utility_ra2,SUNPHARMA.NS,-3.181532115729407e-14
2025-10-01,utility_ra2,SUNPHARMA.NS,-9.710575264993325e-15
2025-11-03,utility_ra2,SUNPHARMA.NS,-3.676993435169265e-14
2025-12-01,utility_ra2,SUNPHARMA.NS,1.0926376721897046e-14
2026-01-01,utility_ra2,SUNPHARMA.NS,-7.163834445039299e-15
2026-02-02,utility_ra2,SUNPHARMA.NS,1.477099852594171e-15
2026-03-02,utility_ra2,SUNPHARMA.NS,-1.5743689834839577e-14
2026-04-01,utility_ra2,SUNPHARMA.NS,-3.60055313403819e-14
2026-05-04,utility_ra2,SUNPHARMA.NS,-1.681636216073666e-14
2026-06-01,utility_ra2,SUNPHARMA.NS,-3.712065969544145e-14
2024-08-01,utility_ra2,DRREDDY.NS,-3.896999521874453e-14
2024-09-02,utility_ra2,DRREDDY.NS,1.2506826659160013e-14
2024-10-01,utility_ra2,DRREDDY.NS,-1.0581683530904264e-14
2024-11-01,utility_ra2,DRREDDY.NS,9.878611679085641e-15
2024-12-02,utility_ra2,DRREDDY.NS,-4.9212970710082465e-15
2025-01-01,utility_ra2,DRREDDY.NS,-6.58564073487938e-18
2025-02-01,utility_ra2,DRREDDY.NS,4.000267338966365e-15
2025-03-03,utility_ra2,DRREDDY.NS,2.6308740516850214e-14
2025-04-01,utility_ra2,DRREDDY.NS,-2.418946441987751e-14
2025-05-02,utility_ra2,DRREDDY.NS,2.0407619463262332e-14
2025-06-02,utility_ra2,DRREDDY.NS,6.308002465428864e-15
2025-07-01,utility_ra2,DRREDDY.NS,4.873482850193672e-14
2025-08-01,utility_ra2,DRREDDY.NS,6.240575421366785e-15
2025-09-01,utility_ra2,DRREDDY.NS,-3.6505188908943384e-14
2025-10-01,utility_ra2,DRREDDY.NS,-7.45838678111106e-15
2025-11-03,utility_ra2,DRREDDY.NS,-6.383652200334226e-14
2025-12-01,utility_ra2,DRREDDY.NS,-6.972647819188052e-15
2026-01-01,utility_ra2,DRREDDY.NS,-6.059643805607847e-15
2026-02-02,utility_ra2,DRREDDY.NS,-2.070761893244824e-15
2026-03-02,utility_ra2,DRREDDY.NS,-1.5552903036960697e-14
2026-04-01,utility_ra2,DRREDDY.NS,-1.8002281187333625e-14
2026-05-04,utility_ra2,DRREDDY.NS,-3.575354940896205e-14
2026-06-01,utility_ra2,DRREDDY.NS,1.121462098298722e-14
2024-08-01,utility_ra2,TITAN.NS,3.417969011558627e-14
2024-09-02,utility_ra2,TITAN.NS,-3.426662387179167e-14
2024-10-01,utility_ra2,TITAN.NS,-8.291559746792877e-15
2024-11-01,utility_ra2,TITAN.NS,-3.545481561983924e-14
2024-12-02,utility_ra2,TITAN.NS,-1.7458963307550948e-14
2025-01-01,utility_ra2,TITAN.NS,-1.1677169812363033e-15
2025-02-01,utility_ra2,TITAN.NS,1.44271521970856e-14
2025-03-03,utility_ra2,TITAN.NS,-1.2074257632936266e-15
2025-04-01,utility_ra2,TITAN.NS,1.213754053687483e-14
2025-05-02,utility_ra2,TITAN.NS,-4.253081103785033e-15
2025-06-02,utility_ra2,TITAN.NS,1.1039451609053834e-14
2025-07-01,utility_ra2,TITAN.NS,1.9435116864026512e-14
2025-08-01,utility_ra2,TITAN.NS,-1.6461010606224928e-15
2025-09-01,utility_ra2,TITAN.NS,-3.771779015217228e-14
2025-10-01,utility_ra2,TITAN.NS,2.1523308736558478e-14
2025-11-03,utility_ra2,TITAN.NS,-2.1665073995185548e-14
2025-12-01,utility_ra2,TITAN.NS,-6.713994479083738e-15
2026-01-01,utility_ra2,TITAN.NS,2.1644251165643228e-14
2026-02-02,utility_ra2,TITAN.NS,1.254457101492708e-15
2026-03-02,utility_ra2,TITAN.NS,-1.6636449857091253e-14
2026-04-01,utility_ra2,TITAN.NS,-2.0261602834017208e-14
2026-05-04,utility_ra2,TITAN.NS,-8.457638386655086e-15
2026-06-01,utility_ra2,TITAN.NS,-2.6413794304265462e-14
2024-08-01,utility_ra2,MARUTI.NS,6.771706686053508e-15
2024-09-02,utility_ra2,MARUTI.NS,-2.910649048113447e-14
2024-10-01,utility_ra2,MARUTI.NS,-1.5841437889551485e-14
2024-11-01,utility_ra2,MARUTI.NS,-2.5676699549668205e-14
2024-12-02,utility_ra2,MARUTI.NS,-3.287197716706685e-14
2025-01-01,utility_ra2,MARUTI.NS,7.683873823388708e-16
2025-02-01,utility_ra2,MARUTI.NS,4.382325749060667
2025-03-03,utility_ra2,MARUTI.NS,5.598719868540554e-14
2025-04-01,utility_ra2,MARUTI.NS,-3.6648632263519127e-16
2025-05-02,utility_ra2,MARUTI.NS,-1.1447121255502935e-14
2025-06-02,utility_ra2,MARUTI.NS,-2.472352426974455e-15
2025-07-01,utility_ra2,MARUTI.NS,3.122349397601585e-14
2025-08-01,utility_ra2,MARUTI.NS,-8.240700666010259e-15
2025-09-01,utility_ra2,MARUTI.NS,24.999999999999982
2025-10-01,utility_ra2,MARUTI.NS,25.000000000000018
2025-11-03,utility_ra2,MARUTI.NS,24.999999999999986
2025-12-01,utility_ra2,MARUTI.NS,24.999999999999996
2026-01-01,utility_ra2,MARUTI.NS,24.99999999999999
2026-02-02,utility_ra2,MARUTI.NS,-9.683133927523264e-16
2026-03-02,utility_ra2,MARUTI.NS,-1.4287204950663556e-14
2026-04-01,utility_ra2,MARUTI.NS,4.209096092660265e-14
2026-05-04,utility_ra2,MARUTI.NS,5.5189677741253204e-14
2026-06-01,utility_ra2,MARUTI.NS,-6.620485220184117e-15
2024-08-01,utility_ra2,TECHM.NS,3.111468229905157e-14
2024-09-02,utility_ra2,TECHM.NS,6.046863765364696e-14
2024-10-01,utility_ra2,TECHM.NS,3.6482452726886654e-14
2024-11-01,utility_ra2,TECHM.NS,-3.594675528759403e-14
2024-12-02,utility_ra2,TECHM.NS,-2.223053297207558e-15
2025-01-01,utility_ra2,TECHM.NS,3.3133218391157016e-14
2025-02-01,utility_ra2,TECHM.NS,-5.068704284100873e-15
2025-03-03,utility_ra2,TECHM.NS,1.633530567328912e-14
2025-04-01,utility_ra2,TECHM.NS,5.708777108720606e-14
2025-05-02,utility_ra2,TECHM.NS,2.2996278818119517e-14
2025-06-02,utility_ra2,TECHM.NS,7.975741506948695e-15
2025-07-01,utility_ra2,TECHM.NS,3.943558715621249e-14
2025-08-01,utility_ra2,TECHM.NS,-5.334568492638152e-15
2025-09-01,utility_ra2,TECHM.NS,-2.0217948623684442e-14
2025-10-01,utility_ra2,TECHM.NS,1.8380740525360848e-14
2025-11-03,utility_ra2,TECHM.NS,-3.823460993102444e-14
2025-12-01,utility_ra2,TECHM.NS,-1.0820148007958419e-14
2026-01-01,utility_ra2,TECHM.NS,6.476388135400663e-15
2026-02-02,utility_ra2,TECHM.NS,-1.2833478871490762e-15
2026-03-02,utility_ra2,TECHM.NS,-3.0864177663023145e-14
2026-04-01,utility_ra2,TECHM.NS,1.8940896536986405e-14
2026-05-04,utility_ra2,TECHM.NS,-2.9129686735936856e-14
2026-06-01,utility_ra2,TECHM.NS,-2.026218108484773e-14
2024-08-01,utility_ra2,LT.NS,1.1764370937719684e-14
2024-09-02,utility_ra2,LT.NS,-3.724730485912471e-14
2024-10-01,utility_ra2,LT.NS,7.970510287357363e-15
2024-11-01,utility_ra2,LT.NS,-3.570445019155683e-14
2024-12-02,utility_ra2,LT.NS,-3.2131415027212264e-14
2025-01-01,utility_ra2,LT.NS,-3.2918414316624455e-15
2025-02-01,utility_ra2,LT.NS,-2.2444347587908132e-14
2025-03-03,utility_ra2,LT.NS,-2.3751118991877387e-14
2025-04-01,utility_ra2,LT.NS,-1.0212574814567289e-14
2025-05-02,utility_ra2,LT.NS,-6.275134210272446e-15
2025-06-02,utility_ra2,LT.NS,3.073264245337763e-14
2025-07-01,utility_ra2,LT.NS,-2.0665777607355457e-14
2025-08-01,utility_ra2,LT.NS,2.5910368854416475e-15
2025-09-01,utility_ra2,LT.NS,-1.8550674013120864e-14
2025-10-01,utility_ra2,LT.NS,3.5226147798521026e-15
2025-11-03,utility_ra2,LT.NS,-4.763666066989136e-15
2025-12-01,utility_ra2,LT.NS,-9.625762048082412e-15
2026-01-01,utility_ra2,LT.NS,-5.396240508864221e-15
2026-02-02,utility_ra2,LT.NS,1.4368620459962048e-15
2026-03-02,utility_ra2,LT.NS,-3.5473681659082868e-15
2026-04-01,utility_ra2,LT.NS,3.2771037510869937e-14
2026-05-04,utility_ra2,LT.NS,1.592583228315687e-14
2026-06-01,utility_ra2,LT.NS,2.3445308755173707e-14
2024-08-01,utility_ra2,ONGC.NS,24.999999999999993
2024-09-02,utility_ra2,ONGC.NS,12.158558537550503
2024-10-01,utility_ra2,ONGC.NS,0.0
2024-11-01,utility_ra2,ONGC.NS,-2.5789792589878983e-14
2024-12-02,utility_ra2,ONGC.NS,-9.537900249090075e-15
2025-01-01,utility_ra2,ONGC.NS,-4.760562125112687e-15
2025-02-01,utility_ra2,ONGC.NS,1.50923323229913e-16
2025-03-03,utility_ra2,ONGC.NS,1.4447883250841395e-14
2025-04-01,utility_ra2,ONGC.NS,-1.2494484748642884e-13
2025-05-02,utility_ra2,ONGC.NS,7.627223866068583e-15
2025-06-02,utility_ra2,ONGC.NS,-1.5434799907044825e-14
2025-07-01,utility_ra2,ONGC.NS,9.133183531887919e-14
2025-08-01,utility_ra2,ONGC.NS,-9.324141693778714e-15
2025-09-01,utility_ra2,ONGC.NS,-2.2490874975946332e-14
2025-10-01,utility_ra2,ONGC.NS,1.5442722981149705e-14
2025-11-03,utility_ra2,ONGC.NS,-2.7152058969596486e-15
2025-12-01,utility_ra2,ONGC.NS,-5.15097789721296e-15
2026-01-01,utility_ra2,ONGC.NS,-1.4799943887172303e-15
2026-02-02,utility_ra2,ONGC.NS,-2.3371150190277243e-15
2026-03-02,utility_ra2,ONGC.NS,-1.4780470885974096e-14
2026-04-01,utility_ra2,ONGC.NS,4.532737892089363e-14
2026-05-04,utility_ra2,ONGC.NS,-1.3656644007095791e-14
2026-06-01,utility_ra2,ONGC.NS,7.029150716055777e-15
2024-08-01,utility_ra2,GOLDBEES.NS,5.6821228267997504e-14
2024-09-02,utility_ra2,GOLDBEES.NS,1.2710308584143382e-15
2024-10-01,utility_ra2,GOLDBEES.NS,1.5623697832255978e-15
2024-11-01,utility_ra2,GOLDBEES.NS,-1.3697028777722493e-14
2024-12-02,utility_ra2,GOLDBEES.NS,-2.175358102382307e-14
2025-01-01,utility_ra2,GOLDBEES.NS,-3.817468213133069e-15
2025-02-01,utility_ra2,GOLDBEES.NS,7.518682238588373
2025-03-03,utility_ra2,GOLDBEES.NS,25.00000000000001
2025-04-01,utility_ra2,GOLDBEES.NS,24.999999999999982
2025-05-02,utility_ra2,GOLDBEES.NS,14.521196340659854
2025-06-02,utility_ra2,GOLDBEES.NS,25.000000000000018
2025-07-01,utility_ra2,GOLDBEES.NS,25.00000000000004
2025-08-01,utility_ra2,GOLDBEES.NS,24.999999999999996
2025-09-01,utility_ra2,GOLDBEES.NS,25.000000000000018
2025-10-01,utility_ra2,GOLDBEES.NS,24.999999999999993
2025-11-03,utility_ra2,GOLDBEES.NS,24.99999999999996
2025-12-01,utility_ra2,GOLDBEES.NS,24.999999999999996
2026-01-01,utility_ra2,GOLDBEES.NS,25.000000000000007
2026-02-02,utility_ra2,GOLDBEES.NS,24.999999999999993
2026-03-02,utility_ra2,GOLDBEES.NS,24.99999999999999
2026-04-01,utility_ra2,GOLDBEES.NS,24.99999999999997
2026-05-04,utility_ra2,GOLDBEES.NS,24.999999999999982
2026-06-01,utility_ra2,GOLDBEES.NS,24.999999999999957
2024-08-01,utility_ra2,INDIGO.NS,2.796284601702839e-14
2024-09-02,utility_ra2,INDIGO.NS,17.537967543943157
2024-10-01,utility_ra2,INDIGO.NS,24.99999999999999
2024-11-01,utility_ra2,INDIGO.NS,23.22284189122971
2024-12-02,utility_ra2,INDIGO.NS,24.99999999999997
2025-01-01,utility_ra2,INDIGO.NS,25.0
2025-02-01,utility_ra2,INDIGO.NS,25.000000000000007
2025-03-03,utility_ra2,INDIGO.NS,24.999999999999993
2025-04-01,utility_ra2,INDIGO.NS,25.0000000000001
2025-05-02,utility_ra2,INDIGO.NS,24.99999999999998
2025-06-02,utility_ra2,INDIGO.NS,4.3781820692302045
2025-07-01,utility_ra2,INDIGO.NS,24.999999999999908
2025-08-01,utility_ra2,INDIGO.NS,25.0
2025-09-01,utility_ra2,INDIGO.NS,21.995860029488078
2025-10-01,utility_ra2,INDIGO.NS,25.000000000000018
2025-11-03,utility_ra2,INDIGO.NS,25.00000000000002
2025-12-01,utility_ra2,INDIGO.NS,25.0
2026-01-01,utility_ra2,INDIGO.NS,1.370046028956309e-15
2026-02-02,utility_ra2,INDIGO.NS,-5.74937167014437e-15
2026-03-02,utility_ra2,INDIGO.NS,-2.949495765893617e-14
2026-04-01,utility_ra2,INDIGO.NS,-7.735919947213797e-14
2026-05-04,utility_ra2,INDIGO.NS,-4.40965641939401e-14
2026-06-01,utility_ra2,INDIGO.NS,3.5962657048317365e-14
2024-08-01,utility_ra2,PERSISTENT.NS,21.18129338872491
2024-09-02,utility_ra2,PERSISTENT.NS,25.00000000000003
2024-10-01,utility_ra2,PERSISTENT.NS,25.00000000000002
2024-11-01,utility_ra2,PERSISTENT.NS,24.999999999999954
2024-12-02,utility_ra2,PERSISTENT.NS,24.99999999999998
2025-01-01,utility_ra2,PERSISTENT.NS,24.999999999999996
2025-02-01,utility_ra2,PERSISTENT.NS,24.080471226727994
2025-03-03,utility_ra2,PERSISTENT.NS,14.912999468437649
2025-04-01,utility_ra2,PERSISTENT.NS,15.265830500708121
2025-05-02,utility_ra2,PERSISTENT.NS,24.99999999999994
2025-06-02,utility_ra2,PERSISTENT.NS,25.00000000000001
2025-07-01,utility_ra2,PERSISTENT.NS,24.999999999999968
2025-08-01,utility_ra2,PERSISTENT.NS,0.0
2025-09-01,utility_ra2,PERSISTENT.NS,0.10399463828251604
2025-10-01,utility_ra2,PERSISTENT.NS,-8.03511825108383e-15
2025-11-03,utility_ra2,PERSISTENT.NS,-1.0471345145749421e-14
2025-12-01,utility_ra2,PERSISTENT.NS,8.116176606402739e-15
2026-01-01,utility_ra2,PERSISTENT.NS,2.6249604390601584e-14
2026-02-02,utility_ra2,PERSISTENT.NS,-3.019264262592156e-16
2026-03-02,utility_ra2,PERSISTENT.NS,-2.597305700756457e-14
2026-04-01,utility_ra2,PERSISTENT.NS,-7.24980227849598e-14
2026-05-04,utility_ra2,PERSISTENT.NS,-1.0981571685220557e-14
2026-06-01,utility_ra2,PERSISTENT.NS,4.1847633583493685e-15
2024-08-01,utility_ra2,FEDERALBNK.NS,-1.6012994629978204e-14
2024-09-02,utility_ra2,FEDERALBNK.NS,-1.8422251488247178e-14
2024-10-01,utility_ra2,FEDERALBNK.NS,3.612487545726994e-15
2024-11-01,utility_ra2,FEDERALBNK.NS,2.383463627623901e-14
2024-12-02,utility_ra2,FEDERALBNK.NS,-9.03055841000637e-15
2025-01-01,utility_ra2,FEDERALBNK.NS,-2.8670089438240535e-15
2025-02-01,utility_ra2,FEDERALBNK.NS,5.916968855743866e-14
2025-03-03,utility_ra2,FEDERALBNK.NS,9.02921776969354e-15
2025-04-01,utility_ra2,FEDERALBNK.NS,12.042122401379219
2025-05-02,utility_ra2,FEDERALBNK.NS,4.992488268442977e-14
2025-06-02,utility_ra2,FEDERALBNK.NS,9.28136939135165
2025-07-01,utility_ra2,FEDERALBNK.NS,11.203581379115295
2025-08-01,utility_ra2,FEDERALBNK.NS,9.988761008891109e-15
2025-09-01,utility_ra2,FEDERALBNK.NS,-1.134758989872769e-15
2025-10-01,utility_ra2,FEDERALBNK.NS,3.6069842625110745e-15
2025-11-03,utility_ra2,FEDERALBNK.NS,24.99999999999984
2025-12-01,utility_ra2,FEDERALBNK.NS,-4.336808689942018e-17
2026-01-01,utility_ra2,FEDERALBNK.NS,24.999999999999872
2026-02-02,utility_ra2,FEDERALBNK.NS,25.0
2026-03-02,utility_ra2,FEDERALBNK.NS,24.999999999999805
2026-04-01,utility_ra2,FEDERALBNK.NS,25.000000000000007
2026-05-04,utility_ra2,FEDERALBNK.NS,24.99999999999996
2026-06-01,utility_ra2,FEDERALBNK.NS,25.00000000000003
2024-08-01,utility_ra2,LUPIN.NS,25.000000000000018
2024-09-02,utility_ra2,LUPIN.NS,24.999999999999996
2024-10-01,utility_ra2,LUPIN.NS,25.0
2024-11-01,utility_ra2,LUPIN.NS,24.999999999999993
2024-12-02,utility_ra2,LUPIN.NS,25.000000000000068
2025-01-01,utility_ra2,LUPIN.NS,24.999999999999993
2025-02-01,utility_ra2,LUPIN.NS,25.000000000000007
2025-03-03,utility_ra2,LUPIN.NS,14.702910772354425
2025-04-01,utility_ra2,LUPIN.NS,2.8005566124962988e-14
2025-05-02,utility_ra2,LUPIN.NS,5.385841411128356
2025-06-02,utility_ra2,LUPIN.NS,1.3803379110868923
2025-07-01,utility_ra2,LUPIN.NS,13.79641862088478
2025-08-01,utility_ra2,LUPIN.NS,1.881679143368465e-15
2025-09-01,utility_ra2,LUPIN.NS,5.377923440736995e-15
2025-10-01,utility_ra2,LUPIN.NS,-2.300489289602308e-14
2025-11-03,utility_ra2,LUPIN.NS,-3.124262483799636e-14
2025-12-01,utility_ra2,LUPIN.NS,2.131126700331452e-16
2026-01-01,utility_ra2,LUPIN.NS,6.8559635532103535e-15
2026-02-02,utility_ra2,LUPIN.NS,1.958935130333931e-15
2026-03-02,utility_ra2,LUPIN.NS,-2.35967192275726e-14
2026-04-01,utility_ra2,LUPIN.NS,-2.4012755622169755e-14
2026-05-04,utility_ra2,LUPIN.NS,-3.645443436870607e-14
2026-06-01,utility_ra2,LUPIN.NS,2.99114312650732e-14
2024-08-01,utility_ra2,MARICO.NS,-3.807990765071765e-15
2024-09-02,utility_ra2,MARICO.NS,4.23687251070948e-14
2024-10-01,utility_ra2,MARICO.NS,-3.223815246838238e-14
2024-11-01,utility_ra2,MARICO.NS,-1.7351861119766806e-14
2024-12-02,utility_ra2,MARICO.NS,-1.8029845541189333e-14
2025-01-01,utility_ra2,MARICO.NS,2.2245264732602557e-15
2025-02-01,utility_ra2,MARICO.NS,14.018520785623052
2025-03-03,utility_ra2,MARICO.NS,-1.8607118268171378e-14
2025-04-01,utility_ra2,MARICO.NS,22.692047097912475
2025-05-02,utility_ra2,MARICO.NS,24.999999999999993
2025-06-02,utility_ra2,MARICO.NS,-8.151054669486743e-15
2025-07-01,utility_ra2,MARICO.NS,1.5782302663499465e-14
2025-08-01,utility_ra2,MARICO.NS,2.2129523200936123e-15
2025-09-01,utility_ra2,MARICO.NS,-8.099401750240055e-15
2025-10-01,utility_ra2,MARICO.NS,-1.2284706912315407e-14
2025-11-03,utility_ra2,MARICO.NS,2.756698560009576e-15
2025-12-01,utility_ra2,MARICO.NS,-6.830356026806376e-16
2026-01-01,utility_ra2,MARICO.NS,9.137604673464541e-15
2026-02-02,utility_ra2,MARICO.NS,-6.2381433124930594e-15
2026-03-02,utility_ra2,MARICO.NS,-2.421596723063014e-14
2026-04-01,utility_ra2,MARICO.NS,-2.6302126986761754e-14
2026-05-04,utility_ra2,MARICO.NS,-8.614165972959727e-15
2026-06-01,utility_ra2,MARICO.NS,1.6756960989712332e-15
2024-08-01,utility_ra2,AUROPHARMA.NS,3.8187066112744974
2024-09-02,utility_ra2,AUROPHARMA.NS,1.835032157135008e-14
2024-10-01,utility_ra2,AUROPHARMA.NS,-9.93529694594899e-15
2024-11-01,utility_ra2,AUROPHARMA.NS,1.0052603867185062e-14
2024-12-02,utility_ra2,AUROPHARMA.NS,2.602914581096977e-14
2025-01-01,utility_ra2,AUROPHARMA.NS,-6.671309021470945e-15
2025-02-01,utility_ra2,AUROPHARMA.NS,-1.4525123464834574e-15
2025-03-03,utility_ra2,AUROPHARMA.NS,-3.8296849756002574e-14
2025-04-01,utility_ra2,AUROPHARMA.NS,2.377353801096297e-14
2025-05-02,utility_ra2,AUROPHARMA.NS,3.784697388665864e-15
2025-06-02,utility_ra2,AUROPHARMA.NS,4.964061037648766e-15
2025-07-01,utility_ra2,AUROPHARMA.NS,-6.558295285146818e-15
2025-08-01,utility_ra2,AUROPHARMA.NS,4.112788079641568e-15
2025-09-01,utility_ra2,AUROPHARMA.NS,-1.7724470076266052e-14
2025-10-01,utility_ra2,AUROPHARMA.NS,-1.5917416952433257e-14
2025-11-03,utility_ra2,AUROPHARMA.NS,-1.3745408804859047e-14
2025-12-01,utility_ra2,AUROPHARMA.NS,-3.4176560476187026e-15
2026-01-01,utility_ra2,AUROPHARMA.NS,1.4335578723329674e-14
2026-02-02,utility_ra2,AUROPHARMA.NS,1.3683822251528944e-15
2026-03-02,utility_ra2,AUROPHARMA.NS,-3.294558858946263e-14
2026-04-01,utility_ra2,AUROPHARMA.NS,-7.1024477074846e-14
2026-05-04,utility_ra2,AUROPHARMA.NS,5.62927891851864e-15
2026-06-01,utility_ra2,AUROPHARMA.NS,10.580884414610816
2024-08-01,utility_ra2,BHARATFORG.NS,25.0000000000001
2024-09-02,utility_ra2,BHARATFORG.NS,-8.763468491731916e-15
2024-10-01,utility_ra2,BHARATFORG.NS,-5.936620976795613e-15
2024-11-01,utility_ra2,BHARATFORG.NS,-5.3191328735193643e-14
2024-12-02,utility_ra2,BHARATFORG.NS,-4.5681836230750913e-14
2025-01-01,utility_ra2,BHARATFORG.NS,-1.2786981422481869e-14
2025-02-01,utility_ra2,BHARATFORG.NS,-7.036923460298051e-16
2025-03-03,utility_ra2,BHARATFORG.NS,3.6816658124903744e-15
2025-04-01,utility_ra2,BHARATFORG.NS,2.4406139175792422e-14
2025-05-02,utility_ra2,BHARATFORG.NS,1.760863045070255e-14
2025-06-02,utility_ra2,BHARATFORG.NS,-1.3523150172240625e-15
2025-07-01,utility_ra2,BHARATFORG.NS,-3.119038856486883e-14
2025-08-01,utility_ra2,BHARATFORG.NS,3.602887590847413e-15
2025-09-01,utility_ra2,BHARATFORG.NS,-1.4257831532166396e-14
2025-10-01,utility_ra2,BHARATFORG.NS,1.852169555741637e-14
2025-11-03,utility_ra2,BHARATFORG.NS,1.2670202148006788e-14
2025-12-01,utility_ra2,BHARATFORG.NS,-8.930930640677151e-15
2026-01-01,utility_ra2,BHARATFORG.NS,-1.1478965335910566e-14
2026-02-02,utility_ra2,BHARATFORG.NS,4.52964204909541e-16
2026-03-02,utility_ra2,BHARATFORG.NS,24.999999999999993
2026-04-01,utility_ra2,BHARATFORG.NS,11.10743181570789
2026-05-04,utility_ra2,BHARATFORG.NS,25.000000000000007
2026-06-01,utility_ra2,BHARATFORG.NS,25.000000000000057
2024-08-01,utility_ra2,HEROMOTOCO.NS,2.7884272848605385e-14
2024-09-02,utility_ra2,HEROMOTOCO.NS,20.30347391850614
2024-10-01,utility_ra2,HEROMOTOCO.NS,24.999999999999993
2024-11-01,utility_ra2,HEROMOTOCO.NS,7.960514491587962
2024-12-02,utility_ra2,HEROMOTOCO.NS,-5.2463873963840075e-14
2025-01-01,utility_ra2,HEROMOTOCO.NS,1.9195673531528205e-15
2025-02-01,utility_ra2,HEROMOTOCO.NS,2.7051234519776848e-14
2025-03-03,utility_ra2,HEROMOTOCO.NS,-1.629776307569891e-14
2025-04-01,utility_ra2,HEROMOTOCO.NS,1.476814207091768e-14
2025-05-02,utility_ra2,HEROMOTOCO.NS,4.6902308269539744e-14
2025-06-02,utility_ra2,HEROMOTOCO.NS,1.4961052342642886e-14
2025-07-01,utility_ra2,HEROMOTOCO.NS,-1.601461796972202e-14
2025-08-01,utility_ra2,HEROMOTOCO.NS,-2.182433707844507e-15
2025-09-01,utility_ra2,HEROMOTOCO.NS,-9.385435522936052e-15
2025-10-01,utility_ra2,HEROMOTOCO.NS,4.040452244196701e-15
2025-11-03,utility_ra2,HEROMOTOCO.NS,1.826481034952919e-15
2025-12-01,utility_ra2,HEROMOTOCO.NS,24.999999999999865
2026-01-01,utility_ra2,HEROMOTOCO.NS,24.999999999999993
2026-02-02,utility_ra2,HEROMOTOCO.NS,25.0
2026-03-02,utility_ra2,HEROMOTOCO.NS,0.0
2026-04-01,utility_ra2,HEROMOTOCO.NS,25.000000000000128
2026-05-04,utility_ra2,HEROMOTOCO.NS,9.818383222313804
2026-06-01,utility_ra2,HEROMOTOCO.NS,2.8838018153736656e-14
2024-08-01,utility_ra10,RELIANCE.NS,6.327747046288559e-14
2024-09-02,utility_ra10,RELIANCE.NS,2.1987074951347006e-14
2024-10-01,utility_ra10,RELIANCE.NS,6.740995090884402e-14
2024-11-01,utility_ra10,RELIANCE.NS,2.0631749670304505e-14
2024-12-02,utility_ra10,RELIANCE.NS,2.0555724247692028e-14
2025-01-01,utility_ra10,RELIANCE.NS,2.285293496025193e-14
2025-02-01,utility_ra10,RELIANCE.NS,6.076371509983528e-16
2025-03-03,utility_ra10,RELIANCE.NS,-7.301971050440049e-14
2025-04-01,utility_ra10,RELIANCE.NS,-1.66986324945099e-14
2025-05-02,utility_ra10,RELIANCE.NS,-1.376782953663264e-14
2025-06-02,utility_ra10,RELIANCE.NS,7.962433738883715e-14
2025-07-01,utility_ra10,RELIANCE.NS,3.250950521486633e-14
2025-08-01,utility_ra10,RELIANCE.NS,3.991475942662973e-14
2025-09-01,utility_ra10,RELIANCE.NS,3.275017667403852e-14
2025-10-01,utility_ra10,RELIANCE.NS,-1.8748028312819738e-14
2025-11-03,utility_ra10,RELIANCE.NS,-2.5675318143707945e-15
2025-12-01,utility_ra10,RELIANCE.NS,5.055327355864793
2026-01-01,utility_ra10,RELIANCE.NS,9.247906214126626
2026-02-02,utility_ra10,RELIANCE.NS,-2.55177434964077e-14
2026-03-02,utility_ra10,RELIANCE.NS,-6.30274059677188e-14
2026-04-01,utility_ra10,RELIANCE.NS,-4.919878943910245e-14
2026-05-04,utility_ra10,RELIANCE.NS,-2.332097902860442e-14
2026-06-01,utility_ra10,RELIANCE.NS,2.5094579750019142e-14
2024-08-01,utility_ra10,TCS.NS,-1.0474917616742495e-14
2024-09-02,utility_ra10,TCS.NS,5.900449876146977e-15
2024-10-01,utility_ra10,TCS.NS,1.8170631368484303e-14
2024-11-01,utility_ra10,TCS.NS,-1.2339470776850277e-14
2024-12-02,utility_ra10,TCS.NS,1.765954644151079e-15
2025-01-01,utility_ra10,TCS.NS,-1.2284293695728532e-14
2025-02-01,utility_ra10,TCS.NS,-1.9883437623981557e-14
2025-03-03,utility_ra10,TCS.NS,-7.062706367092955e-14
2025-04-01,utility_ra10,TCS.NS,-8.126765051922842e-15
2025-05-02,utility_ra10,TCS.NS,4.985362791641351e-14
2025-06-02,utility_ra10,TCS.NS,4.817929515182239e-14
2025-07-01,utility_ra10,TCS.NS,-4.095644841860429e-14
2025-08-01,utility_ra10,TCS.NS,-6.578865395164584e-14
2025-09-01,utility_ra10,TCS.NS,1.6329301084545648e-14
2025-10-01,utility_ra10,TCS.NS,-2.0687298678108193e-14
2025-11-03,utility_ra10,TCS.NS,-2.0856328353353738e-15
2025-12-01,utility_ra10,TCS.NS,-2.8048546855352745e-14
2026-01-01,utility_ra10,TCS.NS,2.2402291985129185e-14
2026-02-02,utility_ra10,TCS.NS,5.88173380185463e-16
2026-03-02,utility_ra10,TCS.NS,-6.22887903902744e-14
2026-04-01,utility_ra10,TCS.NS,-4.361076052891747e-15
2026-05-04,utility_ra10,TCS.NS,-5.822809302967518e-14
2026-06-01,utility_ra10,TCS.NS,2.02357099490752e-14
2024-08-01,utility_ra10,INFY.NS,-7.751894084919524e-15
2024-09-02,utility_ra10,INFY.NS,5.574214305850644e-15
2024-10-01,utility_ra10,INFY.NS,4.0690285104506974e-14
2024-11-01,utility_ra10,INFY.NS,1.9921540185851637e-14
2024-12-02,utility_ra10,INFY.NS,3.026368573469435e-14
2025-01-01,utility_ra10,INFY.NS,1.2330373577417298e-14
2025-02-01,utility_ra10,INFY.NS,8.638003127855712e-15
2025-03-03,utility_ra10,INFY.NS,0.6290034838115104
2025-04-01,utility_ra10,INFY.NS,-1.8478943616938363e-14
2025-05-02,utility_ra10,INFY.NS,-4.8199004164398345e-15
2025-06-02,utility_ra10,INFY.NS,2.963136538278167e-14
2025-07-01,utility_ra10,INFY.NS,2.7739499464774447e-14
2025-08-01,utility_ra10,INFY.NS,-6.9999083228724825e-15
2025-09-01,utility_ra10,INFY.NS,3.0971410256366588e-15
2025-10-01,utility_ra10,INFY.NS,2.3985387845735424e-14
2025-11-03,utility_ra10,INFY.NS,2.4045368433720367e-14
2025-12-01,utility_ra10,INFY.NS,-2.528047275995258e-14
2026-01-01,utility_ra10,INFY.NS,1.2520465906962955e-15
2026-02-02,utility_ra10,INFY.NS,-1.329199434811062e-14
2026-03-02,utility_ra10,INFY.NS,-1.550680114316868e-13
2026-04-01,utility_ra10,INFY.NS,-6.528971312375346e-14
2026-05-04,utility_ra10,INFY.NS,-2.8009845651341786e-14
2026-06-01,utility_ra10,INFY.NS,-1.0399655156719799e-14
2024-08-01,utility_ra10,HDFCBANK.NS,6.284126659598803e-15
2024-09-02,utility_ra10,HDFCBANK.NS,-1.6319776296065881e-15
2024-10-01,utility_ra10,HDFCBANK.NS,1.5699719720005303e-14
2024-11-01,utility_ra10,HDFCBANK.NS,1.5931212646066145e-14
2024-12-02,utility_ra10,HDFCBANK.NS,-1.710561035382337e-14
2025-01-01,utility_ra10,HDFCBANK.NS,1.135059406776051e-15
2025-02-01,utility_ra10,HDFCBANK.NS,2.791400450200113e-14
2025-03-03,utility_ra10,HDFCBANK.NS,18.640784351873307
2025-04-01,utility_ra10,HDFCBANK.NS,13.133162649478306
2025-05-02,utility_ra10,HDFCBANK.NS,10.35506547108466
2025-06-02,utility_ra10,HDFCBANK.NS,13.921833326979893
2025-07-01,utility_ra10,HDFCBANK.NS,10.401086154165775
2025-08-01,utility_ra10,HDFCBANK.NS,24.999999999999964
2025-09-01,utility_ra10,HDFCBANK.NS,18.236071768848227
2025-10-01,utility_ra10,HDFCBANK.NS,15.719337976274813
2025-11-03,utility_ra10,HDFCBANK.NS,2.6162619893609294
2025-12-01,utility_ra10,HDFCBANK.NS,-1.958018140180073e-14
2026-01-01,utility_ra10,HDFCBANK.NS,-3.991326920568876e-14
2026-02-02,utility_ra10,HDFCBANK.NS,2.3930700645103897e-14
2026-03-02,utility_ra10,HDFCBANK.NS,-3.623431926258802e-15
2026-04-01,utility_ra10,HDFCBANK.NS,-9.066062362896849e-16
2026-05-04,utility_ra10,HDFCBANK.NS,-5.10389748546359e-14
2026-06-01,utility_ra10,HDFCBANK.NS,-2.7063255602225245e-14
2024-08-01,utility_ra10,ICICIBANK.NS,9.828422180651721e-15
2024-09-02,utility_ra10,ICICIBANK.NS,1.5756337475086558e-14
2024-10-01,utility_ra10,ICICIBANK.NS,-5.999748809685446e-16
2024-11-01,utility_ra10,ICICIBANK.NS,1.5565875636754696
2024-12-02,utility_ra10,ICICIBANK.NS,8.314301612444682
2025-01-01,utility_ra10,ICICIBANK.NS,4.995456569062397
2025-02-01,utility_ra10,ICICIBANK.NS,7.13647875505483
2025-03-03,utility_ra10,ICICIBANK.NS,7.961498864346393
2025-04-01,utility_ra10,ICICIBANK.NS,8.53398792222673
2025-05-02,utility_ra10,ICICIBANK.NS,14.41093808574844
2025-06-02,utility_ra10,ICICIBANK.NS,18.889605284717483
2025-07-01,utility_ra10,ICICIBANK.NS,11.594764836011501
2025-08-01,utility_ra10,ICICIBANK.NS,25.00000000000003
2025-09-01,utility_ra10,ICICIBANK.NS,19.426265575125758
2025-10-01,utility_ra10,ICICIBANK.NS,6.276377822345003
2025-11-03,utility_ra10,ICICIBANK.NS,-4.5429333292762415e-15
2025-12-01,utility_ra10,ICICIBANK.NS,-3.114892494680134e-14
2026-01-01,utility_ra10,ICICIBANK.NS,7.881730474787358e-15
2026-02-02,utility_ra10,ICICIBANK.NS,-4.5667138225802694e-14
2026-03-02,utility_ra10,ICICIBANK.NS,-7.297970209271651e-14
2026-04-01,utility_ra10,ICICIBANK.NS,2.19567116766065e-14
2026-05-04,utility_ra10,ICICIBANK.NS,1.4686960956029458e-14
2026-06-01,utility_ra10,ICICIBANK.NS,3.0645740781856096e-14
2024-08-01,utility_ra10,SBIN.NS,3.617960530673523e-14
2024-09-02,utility_ra10,SBIN.NS,5.454243423194775e-15
2024-10-01,utility_ra10,SBIN.NS,3.503493995047473e-14
2024-11-01,utility_ra10,SBIN.NS,4.789598841684686
2024-12-02,utility_ra10,SBIN.NS,5.7721329726123205
2025-01-01,utility_ra10,SBIN.NS,1.6544248245508998e-14
2025-02-01,utility_ra10,SBIN.NS,-4.195065713648205e-16
2025-03-03,utility_ra10,SBIN.NS,-1.538371928306324e-15
2025-04-01,utility_ra10,SBIN.NS,-2.1659037840345034e-14
2025-05-02,utility_ra10,SBIN.NS,-1.0688380005310565e-14
2025-06-02,utility_ra10,SBIN.NS,2.858340418778858e-14
2025-07-01,utility_ra10,SBIN.NS,6.613488114812205e-14
2025-08-01,utility_ra10,SBIN.NS,-5.199947875984589e-14
2025-09-01,utility_ra10,SBIN.NS,6.360221227877442e-15
2025-10-01,utility_ra10,SBIN.NS,13.405763329709739
2025-11-03,utility_ra10,SBIN.NS,10.92661903212043
2025-12-01,utility_ra10,SBIN.NS,3.25990733866687
2026-01-01,utility_ra10,SBIN.NS,4.902481719350293
2026-02-02,utility_ra10,SBIN.NS,24.999999999999986
2026-03-02,utility_ra10,SBIN.NS,24.999999999999982
2026-04-01,utility_ra10,SBIN.NS,17.25028282882539
2026-05-04,utility_ra10,SBIN.NS,8.924124301353846
2026-06-01,utility_ra10,SBIN.NS,-7.020977162025512e-15
2024-08-01,utility_ra10,ITC.NS,1.0996279964755798e-14
2024-09-02,utility_ra10,ITC.NS,-7.1037862359295236e-15
2024-10-01,utility_ra10,ITC.NS,3.5041219662925594e-14
2024-11-01,utility_ra10,ITC.NS,-2.1100425961233973e-15
2024-12-02,utility_ra10,ITC.NS,8.827947961123402e-15
2025-01-01,utility_ra10,ITC.NS,2.2276554864769427e-14
2025-02-01,utility_ra10,ITC.NS,-1.3976464164429075e-14
2025-03-03,utility_ra10,ITC.NS,2.0231082544653412e-14
2025-04-01,utility_ra10,ITC.NS,1.0098617653487753e-14
2025-05-02,utility_ra10,ITC.NS,1.2033350749488152e-15
2025-06-02,utility_ra10,ITC.NS,3.994661692878519e-14
2025-07-01,utility_ra10,ITC.NS,-1.858883212071641e-14
2025-08-01,utility_ra10,ITC.NS,-4.9456460306418477e-14
2025-09-01,utility_ra10,ITC.NS,-2.0588652862020084e-14
2025-10-01,utility_ra10,ITC.NS,2.6532099764062882e-14
2025-11-03,utility_ra10,ITC.NS,-1.0808393314859862e-14
2025-12-01,utility_ra10,ITC.NS,1.8632960948619954e-14
2026-01-01,utility_ra10,ITC.NS,1.4974400478521717e-14
2026-02-02,utility_ra10,ITC.NS,5.2432762773302105e-14
2026-03-02,utility_ra10,ITC.NS,-1.312550598191417e-13
2026-04-01,utility_ra10,ITC.NS,-1.735322157829362e-14
2026-05-04,utility_ra10,ITC.NS,-2.899021596473503e-14
2026-06-01,utility_ra10,ITC.NS,-2.8088957469171478e-14
2024-08-01,utility_ra10,HINDUNILVR.NS,-5.411755553299959e-15
2024-09-02,utility_ra10,HINDUNILVR.NS,-3.7275917698605136e-15
2024-10-01,utility_ra10,HINDUNILVR.NS,-1.8652515282619018e-15
2024-11-01,utility_ra10,HINDUNILVR.NS,2.5771799141214967e-14
2024-12-02,utility_ra10,HINDUNILVR.NS,2.3551532599919684e-14
2025-01-01,utility_ra10,HINDUNILVR.NS,9.060937205958642e-15
2025-02-01,utility_ra10,HINDUNILVR.NS,8.212406628532944e-15
2025-03-03,utility_ra10,HINDUNILVR.NS,-1.668918099429493e-13
2025-04-01,utility_ra10,HINDUNILVR.NS,-1.1873398558613302e-13
2025-05-02,utility_ra10,HINDUNILVR.NS,-4.320978634000681e-14
2025-06-02,utility_ra10,HINDUNILVR.NS,2.896096183825946e-14
2025-07-01,utility_ra10,HINDUNILVR.NS,-1.4821179715652218e-15
2025-08-01,utility_ra10,HINDUNILVR.NS,0.47491534529945834
2025-09-01,utility_ra10,HINDUNILVR.NS,3.185200537341714e-14
2025-10-01,utility_ra10,HINDUNILVR.NS,1.8296800297189617e-14
2025-11-03,utility_ra10,HINDUNILVR.NS,5.3252614746899686e-14
2025-12-01,utility_ra10,HINDUNILVR.NS,4.752876205094548e-14
2026-01-01,utility_ra10,HINDUNILVR.NS,1.496002655500288e-14
2026-02-02,utility_ra10,HINDUNILVR.NS,9.668591961004431e-14
2026-03-02,utility_ra10,HINDUNILVR.NS,-9.886756110738481e-14
2026-04-01,utility_ra10,HINDUNILVR.NS,-1.249702717833557e-14
2026-05-04,utility_ra10,HINDUNILVR.NS,-1.3433035385853197e-14
2026-06-01,utility_ra10,HINDUNILVR.NS,4.433097698477635e-14
2024-08-01,utility_ra10,NESTLEIND.NS,1.0441348549934502e-14
2024-09-02,utility_ra10,NESTLEIND.NS,9.553963456581316e-16
2024-10-01,utility_ra10,NESTLEIND.NS,8.214036374540232e-15
2024-11-01,utility_ra10,NESTLEIND.NS,9.473554312424255e-15
2024-12-02,utility_ra10,NESTLEIND.NS,2.7450913545625555e-14
2025-01-01,utility_ra10,NESTLEIND.NS,1.6846901024562445e-14
2025-02-01,utility_ra10,NESTLEIND.NS,-1.6907592846767785e-14
2025-03-03,utility_ra10,NESTLEIND.NS,-2.89146186523178e-14
2025-04-01,utility_ra10,NESTLEIND.NS,2.281389577289647e-14
2025-05-02,utility_ra10,NESTLEIND.NS,-2.069099545139449e-14
2025-06-02,utility_ra10,NESTLEIND.NS,1.6727795861517435e-14
2025-07-01,utility_ra10,NESTLEIND.NS,-4.033774126426418e-14
2025-08-01,utility_ra10,NESTLEIND.NS,-3.928891841791154e-14
2025-09-01,utility_ra10,NESTLEIND.NS,-1.0302245231953389e-14
2025-10-01,utility_ra10,NESTLEIND.NS,6.94189373430964e-15
2025-11-03,utility_ra10,NESTLEIND.NS,2.3439200742310677
2025-12-01,utility_ra10,NESTLEIND.NS,-6.134844798356668e-15
2026-01-01,utility_ra10,NESTLEIND.NS,0.5593680207292345
2026-02-02,utility_ra10,NESTLEIND.NS,7.178276887202312
2026-03-02,utility_ra10,NESTLEIND.NS,-5.214401498746334e-15
2026-04-01,utility_ra10,NESTLEIND.NS,-2.374768805042328e-14
2026-05-04,utility_ra10,NESTLEIND.NS,14.34672097879768
2026-06-01,utility_ra10,NESTLEIND.NS,11.981448424294033
2024-08-01,utility_ra10,SUNPHARMA.NS,1.0408039134841274
2024-09-02,utility_ra10,SUNPHARMA.NS,0.7670876032037519
2024-10-01,utility_ra10,SUNPHARMA.NS,15.839262178472117
2024-11-01,utility_ra10,SUNPHARMA.NS,21.776126498694246
2024-12-02,utility_ra10,SUNPHARMA.NS,16.625643842921072
2025-01-01,utility_ra10,SUNPHARMA.NS,19.751890729082998
2025-02-01,utility_ra10,SUNPHARMA.NS,5.245744499898774
2025-03-03,utility_ra10,SUNPHARMA.NS,2.4570268525573066e-15
2025-04-01,utility_ra10,SUNPHARMA.NS,-1.9179038161957413e-14
2025-05-02,utility_ra10,SUNPHARMA.NS,5.618960749008463
2025-06-02,utility_ra10,SUNPHARMA.NS,9.316735456992047
2025-07-01,utility_ra10,SUNPHARMA.NS,3.1731121905467354
2025-08-01,utility_ra10,SUNPHARMA.NS,-2.0972380897496694e-14
2025-09-01,utility_ra10,SUNPHARMA.NS,2.6621486607032346e-14
2025-10-01,utility_ra10,SUNPHARMA.NS,6.1903314527357565e-15
2025-11-03,utility_ra10,SUNPHARMA.NS,2.3659496545775178e-14
2025-12-01,utility_ra10,SUNPHARMA.NS,-8.964455072380737e-16
2026-01-01,utility_ra10,SUNPHARMA.NS,-2.1849271424420813e-14
2026-02-02,utility_ra10,SUNPHARMA.NS,8.144215058398294e-15
2026-03-02,utility_ra10,SUNPHARMA.NS,-1.395355348801794e-13
2026-04-01,utility_ra10,SUNPHARMA.NS,-3.2415868148166495e-14
2026-05-04,utility_ra10,SUNPHARMA.NS,-5.234047192917189e-16
2026-06-01,utility_ra10,SUNPHARMA.NS,-3.977322282750397e-14
2024-08-01,utility_ra10,DRREDDY.NS,2.0554015126914922e-14
2024-09-02,utility_ra10,DRREDDY.NS,-2.7452395424476367e-15
2024-10-01,utility_ra10,DRREDDY.NS,1.6574689378684095e-14
2024-11-01,utility_ra10,DRREDDY.NS,1.3741003285718696e-14
2024-12-02,utility_ra10,DRREDDY.NS,3.634418541007893e-14
2025-01-01,utility_ra10,DRREDDY.NS,1.5986905391943712e-14
2025-02-01,utility_ra10,DRREDDY.NS,1.6203467803349784e-14
2025-03-03,utility_ra10,DRREDDY.NS,-2.973565427702413e-14
2025-04-01,utility_ra10,DRREDDY.NS,-7.948861838795327e-15
2025-05-02,utility_ra10,DRREDDY.NS,-1.592648772986607e-14
2025-06-02,utility_ra10,DRREDDY.NS,1.7046578793608237e-14
2025-07-01,utility_ra10,DRREDDY.NS,-1.5955341488296385e-13
2025-08-01,utility_ra10,DRREDDY.NS,4.915364116532841e-16
2025-09-01,utility_ra10,DRREDDY.NS,-4.479250153733211e-15
2025-10-01,utility_ra10,DRREDDY.NS,-4.376561795777391e-14
2025-11-03,utility_ra10,DRREDDY.NS,-2.0829281724525643e-14
2025-12-01,utility_ra10,DRREDDY.NS,9.961888920643306e-16
2026-01-01,utility_ra10,DRREDDY.NS,-2.5975274403669442e-14
2026-02-02,utility_ra10,DRREDDY.NS,-4.971846817024739e-14
2026-03-02,utility_ra10,DRREDDY.NS,-3.7425908646055955e-14
2026-04-01,utility_ra10,DRREDDY.NS,-1.18225638433934e-14
2026-05-04,utility_ra10,DRREDDY.NS,-2.6995984930863992e-14
2026-06-01,utility_ra10,DRREDDY.NS,-1.1532493887579415e-14
2024-08-01,utility_ra10,TITAN.NS,-1.359872125272598e-14
2024-09-02,utility_ra10,TITAN.NS,2.2004250673559916e-14
2024-10-01,utility_ra10,TITAN.NS,2.077239326804198e-14
2024-11-01,utility_ra10,TITAN.NS,1.522069234948891e-14
2024-12-02,utility_ra10,TITAN.NS,-4.259246869087777e-15
2025-01-01,utility_ra10,TITAN.NS,8.092080237617756e-15
2025-02-01,utility_ra10,TITAN.NS,-3.845731603040733e-14
2025-03-03,utility_ra10,TITAN.NS,3.8426502156690853e-14
2025-04-01,utility_ra10,TITAN.NS,-2.5888024695436663e-14
2025-05-02,utility_ra10,TITAN.NS,3.6922166162522553e-14
2025-06-02,utility_ra10,TITAN.NS,5.708315014784906e-14
2025-07-01,utility_ra10,TITAN.NS,9.367568929040974e-14
2025-08-01,utility_ra10,TITAN.NS,2.2564357586270903e-14
2025-09-01,utility_ra10,TITAN.NS,2.6018698813044433e-15
2025-10-01,utility_ra10,TITAN.NS,4.548905415694142e-14
2025-11-03,utility_ra10,TITAN.NS,-9.24538623122047e-16
2025-12-01,utility_ra10,TITAN.NS,1.5247309758301726
2026-01-01,utility_ra10,TITAN.NS,0.8589072785653258
2026-02-02,utility_ra10,TITAN.NS,0.5057778546997614
2026-03-02,utility_ra10,TITAN.NS,6.529857036925341
2026-04-01,utility_ra10,TITAN.NS,8.899450714896137
2026-05-04,utility_ra10,TITAN.NS,7.780030590917667
2026-06-01,utility_ra10,TITAN.NS,8.516825871393111e-15
2024-08-01,utility_ra10,MARUTI.NS,1.170018157421028e-14
2024-09-02,utility_ra10,MARUTI.NS,1.2061881068296387e-14
2024-10-01,utility_ra10,MARUTI.NS,1.7172229203322124e-14
2024-11-01,utility_ra10,MARUTI.NS,1.637707607144392e-14
2024-12-02,utility_ra10,MARUTI.NS,3.025038771951294e-14
2025-01-01,utility_ra10,MARUTI.NS,2.359112760744319e-14
2025-02-01,utility_ra10,MARUTI.NS,10.150782651485995
2025-03-03,utility_ra10,MARUTI.NS,1.7763128980126104e-15
2025-04-01,utility_ra10,MARUTI.NS,4.905910762175501e-14
2025-05-02,utility_ra10,MARUTI.NS,2.2029810669374433e-14
2025-06-02,utility_ra10,MARUTI.NS,1.1249863052638144e-14
2025-07-01,utility_ra10,MARUTI.NS,2.7676869894449922e-14
2025-08-01,utility_ra10,MARUTI.NS,-1.2221025687681423e-14
2025-09-01,utility_ra10,MARUTI.NS,19.511590602203302
2025-10-01,utility_ra10,MARUTI.NS,25.00000000000001
2025-11-03,utility_ra10,MARUTI.NS,24.999999999999968
2025-12-01,utility_ra10,MARUTI.NS,24.99999999999997
2026-01-01,utility_ra10,MARUTI.NS,24.999999999999996
2026-02-02,utility_ra10,MARUTI.NS,7.735470489044219
2026-03-02,utility_ra10,MARUTI.NS,-4.4670906538801876e-14
2026-04-01,utility_ra10,MARUTI.NS,-6.485952059554534e-14
2026-05-04,utility_ra10,MARUTI.NS,-1.3374612715374391e-14
2026-06-01,utility_ra10,MARUTI.NS,-3.217199841012741e-14
2024-08-01,utility_ra10,TECHM.NS,6.824198430538398e-15
2024-09-02,utility_ra10,TECHM.NS,5.865087998122007e-15
2024-10-01,utility_ra10,TECHM.NS,1.7794728819266665e-14
2024-11-01,utility_ra10,TECHM.NS,-9.433247478206575e-15
2024-12-02,utility_ra10,TECHM.NS,4.7719329693579144
2025-01-01,utility_ra10,TECHM.NS,2.229208909253172
2025-02-01,utility_ra10,TECHM.NS,1.8654955754169387
2025-03-03,utility_ra10,TECHM.NS,3.322690798399728
2025-04-01,utility_ra10,TECHM.NS,2.2304469060371488e-14
2025-05-02,utility_ra10,TECHM.NS,2.058464989560366
2025-06-02,utility_ra10,TECHM.NS,0.3156410006125928
2025-07-01,utility_ra10,TECHM.NS,2.3382354249353567
2025-08-01,utility_ra10,TECHM.NS,-1.3295630596329927e-14
2025-09-01,utility_ra10,TECHM.NS,1.4437574758074246e-14
2025-10-01,utility_ra10,TECHM.NS,9.090742770686455e-15
2025-11-03,utility_ra10,TECHM.NS,-1.0112036980867386e-15
2025-12-01,utility_ra10,TECHM.NS,7.756175848010776e-15
2026-01-01,utility_ra10,TECHM.NS,-6.993885202398e-15
2026-02-02,utility_ra10,TECHM.NS,-5.0411723994994774e-14
2026-03-02,utility_ra10,TECHM.NS,-1.3510520544025306e-13
2026-04-01,utility_ra10,TECHM.NS,-3.816981246993034e-14
2026-05-04,utility_ra10,TECHM.NS,-8.978539316098559e-15
2026-06-01,utility_ra10,TECHM.NS,-1.9884778403440182e-14
2024-08-01,utility_ra10,LT.NS,-3.622075407216362e-15
2024-09-02,utility_ra10,LT.NS,2.017814349691016e-14
2024-10-01,utility_ra10,LT.NS,6.468865916800614e-14
2024-11-01,utility_ra10,LT.NS,3.5966502301452494e-14
2024-12-02,utility_ra10,LT.NS,8.7640858825614e-15
2025-01-01,utility_ra10,LT.NS,1.0165914951190903e-15
2025-02-01,utility_ra10,LT.NS,6.004679510765596e-15
2025-03-03,utility_ra10,LT.NS,-5.823887757122233e-14
2025-04-01,utility_ra10,LT.NS,2.078807814130287e-14
2025-05-02,utility_ra10,LT.NS,4.310124793837502e-14
2025-06-02,utility_ra10,LT.NS,5.167200309267858e-14
2025-07-01,utility_ra10,LT.NS,8.086028625528677e-14
2025-08-01,utility_ra10,LT.NS,-5.389605682836904e-14
2025-09-01,utility_ra10,LT.NS,-2.0518394838142958e-14
2025-10-01,utility_ra10,LT.NS,-7.368193662192462e-14
2025-11-03,utility_ra10,LT.NS,3.9920863649107012
2025-12-01,utility_ra10,LT.NS,1.3815664717854556e-14
2026-01-01,utility_ra10,LT.NS,-8.53444883983833e-15
2026-02-02,utility_ra10,LT.NS,5.737266912959265e-14
2026-03-02,utility_ra10,LT.NS,2.623495503714956e-15
2026-04-01,utility_ra10,LT.NS,-4.346875234319601e-14
2026-05-04,utility_ra10,LT.NS,-3.521266976052751e-14
2026-06-01,utility_ra10,LT.NS,1.872517119852707e-14
2024-08-01,utility_ra10,ONGC.NS,15.368005760658296
2024-09-02,utility_ra10,ONGC.NS,5.563308827280743
2024-10-01,utility_ra10,ONGC.NS,2.092091767894365e-14
2024-11-01,utility_ra10,ONGC.NS,6.93604873211673e-15
2024-12-02,utility_ra10,ONGC.NS,-7.014595588351973e-15
2025-01-01,utility_ra10,ONGC.NS,4.361111845759279e-14
2025-02-01,utility_ra10,ONGC.NS,1.2347291423686777e-14
2025-03-03,utility_ra10,ONGC.NS,1.223537387384633e-13
2025-04-01,utility_ra10,ONGC.NS,-5.0883401559701375e-14
2025-05-02,utility_ra10,ONGC.NS,1.3605941276958635e-14
2025-06-02,utility_ra10,ONGC.NS,7.942408069677129e-14
2025-07-01,utility_ra10,ONGC.NS,6.157584848912979e-16
2025-08-01,utility_ra10,ONGC.NS,-8.157415177729877e-14
2025-09-01,utility_ra10,ONGC.NS,-2.1442809447782984e-14
2025-10-01,utility_ra10,ONGC.NS,7.360584295077213e-15
2025-11-03,utility_ra10,ONGC.NS,-6.2395060052368865e-15
2025-12-01,utility_ra10,ONGC.NS,-1.1659950241705868e-14
2026-01-01,utility_ra10,ONGC.NS,-2.3353635494895238e-14
2026-02-02,utility_ra10,ONGC.NS,-3.0109625504240177e-15
2026-03-02,utility_ra10,ONGC.NS,-1.3813148275616217e-13
2026-04-01,utility_ra10,ONGC.NS,9.90687896893331
2026-05-04,utility_ra10,ONGC.NS,11.892104253677378
2026-06-01,utility_ra10,ONGC.NS,5.83798141952815
2024-08-01,utility_ra10,GOLDBEES.NS,-1.4853397592078198e-15
2024-09-02,utility_ra10,GOLDBEES.NS,-1.0278964989766841e-14
2024-10-01,utility_ra10,GOLDBEES.NS,2.8337791206173694e-14
2024-11-01,utility_ra10,GOLDBEES.NS,9.456773875472365
2024-12-02,utility_ra10,GOLDBEES.NS,8.956854215158195
2025-01-01,utility_ra10,GOLDBEES.NS,12.361749680682257
2025-02-01,utility_ra10,GOLDBEES.NS,25.000000000000018
2025-03-03,utility_ra10,GOLDBEES.NS,24.999999999999982
2025-04-01,utility_ra10,GOLDBEES.NS,25.000000000000032
2025-05-02,utility_ra10,GOLDBEES.NS,24.999999999999957
2025-06-02,utility_ra10,GOLDBEES.NS,24.99999999999996
2025-07-01,utility_ra10,GOLDBEES.NS,25.0
2025-08-01,utility_ra10,GOLDBEES.NS,24.999999999999932
2025-09-01,utility_ra10,GOLDBEES.NS,24.999999999999964
2025-10-01,utility_ra10,GOLDBEES.NS,25.00000000000001
2025-11-03,utility_ra10,GOLDBEES.NS,24.99999999999999
2025-12-01,utility_ra10,GOLDBEES.NS,24.99999999999998
2026-01-01,utility_ra10,GOLDBEES.NS,25.000000000000032
2026-02-02,utility_ra10,GOLDBEES.NS,24.999999999999993
2026-03-02,utility_ra10,GOLDBEES.NS,24.999999999999982
2026-04-01,utility_ra10,GOLDBEES.NS,24.274290891040234
2026-05-04,utility_ra10,GOLDBEES.NS,21.834263353550767
2026-06-01,utility_ra10,GOLDBEES.NS,25.0
2024-08-01,utility_ra10,INDIGO.NS,2.5316412436313067
2024-09-02,utility_ra10,INDIGO.NS,16.205512821379088
2024-10-01,utility_ra10,INDIGO.NS,21.8834702092788
2024-11-01,utility_ra10,INDIGO.NS,10.609261760341687
2024-12-02,utility_ra10,INDIGO.NS,13.19833502898714
2025-01-01,utility_ra10,INDIGO.NS,14.113476133876635
2025-02-01,utility_ra10,INDIGO.NS,13.69136666039549
2025-03-03,utility_ra10,INDIGO.NS,15.831858290300541
2025-04-01,utility_ra10,INDIGO.NS,17.551527928102008
2025-05-02,utility_ra10,INDIGO.NS,9.46114428558466
2025-06-02,utility_ra10,INDIGO.NS,2.2962762954620985
2025-07-01,utility_ra10,INDIGO.NS,14.099864871404355
2025-08-01,utility_ra10,INDIGO.NS,15.018488134007239
2025-09-01,utility_ra10,INDIGO.NS,7.322481409535188
2025-10-01,utility_ra10,INDIGO.NS,7.420232917211673
2025-11-03,utility_ra10,INDIGO.NS,10.691556685570058
2025-12-01,utility_ra10,INDIGO.NS,16.492470129614855
2026-01-01,utility_ra10,INDIGO.NS,-1.8828713432859902e-14
2026-02-02,utility_ra10,INDIGO.NS,4.76731191338338e-14
2026-03-02,utility_ra10,INDIGO.NS,9.303514696304892e-15
2026-04-01,utility_ra10,INDIGO.NS,-2.5767396687559053e-14
2026-05-04,utility_ra10,INDIGO.NS,-6.479179174968657e-14
2026-06-01,utility_ra10,INDIGO.NS,4.0647458727004945e-14
2024-08-01,utility_ra10,PERSISTENT.NS,17.897374024177406
2024-09-02,utility_ra10,PERSISTENT.NS,21.960741693762568
2024-10-01,utility_ra10,PERSISTENT.NS,19.564089214809535
2024-11-01,utility_ra10,PERSISTENT.NS,16.914626065921613
2024-12-02,utility_ra10,PERSISTENT.NS,17.538811552400933
2025-01-01,utility_ra10,PERSISTENT.NS,18.97289163969512
2025-02-01,utility_ra10,PERSISTENT.NS,6.3883596751415626
2025-03-03,utility_ra10,PERSISTENT.NS,3.354383685708794
2025-04-01,utility_ra10,PERSISTENT.NS,4.758394955158563
2025-05-02,utility_ra10,PERSISTENT.NS,9.62814504265806
2025-06-02,utility_ra10,PERSISTENT.NS,9.909670283121121
2025-07-01,utility_ra10,PERSISTENT.NS,10.46170604606145
2025-08-01,utility_ra10,PERSISTENT.NS,1.2200388959671735e-14
2025-09-01,utility_ra10,PERSISTENT.NS,2.372221657297142
2025-10-01,utility_ra10,PERSISTENT.NS,-3.6738533959565945e-15
2025-11-03,utility_ra10,PERSISTENT.NS,3.661781211510817e-14
2025-12-01,utility_ra10,PERSISTENT.NS,6.404479182612616e-15
2026-01-01,utility_ra10,PERSISTENT.NS,-1.6412861752549346e-14
2026-02-02,utility_ra10,PERSISTENT.NS,1.7286568174129938e-14
2026-03-02,utility_ra10,PERSISTENT.NS,-6.383314438713322e-14
2026-04-01,utility_ra10,PERSISTENT.NS,-2.579241745632625e-14
2026-05-04,utility_ra10,PERSISTENT.NS,-2.339702397666175e-14
2026-06-01,utility_ra10,PERSISTENT.NS,7.784173975189647e-15
2024-08-01,utility_ra10,FEDERALBNK.NS,-1.4943385429704525e-16
2024-09-02,utility_ra10,FEDERALBNK.NS,2.5042352621361674e-14
2024-10-01,utility_ra10,FEDERALBNK.NS,5.818160279787805e-14
2024-11-01,utility_ra10,FEDERALBNK.NS,2.3574404767604477e-14
2024-12-02,utility_ra10,FEDERALBNK.NS,1.9557365217426268
2025-01-01,utility_ra10,FEDERALBNK.NS,-2.06092123361129e-14
2025-02-01,utility_ra10,FEDERALBNK.NS,4.685401798580939
2025-03-03,utility_ra10,FEDERALBNK.NS,3.883397708159268
2025-04-01,utility_ra10,FEDERALBNK.NS,6.776157498847919
2025-05-02,utility_ra10,FEDERALBNK.NS,-4.250876282330175e-14
2025-06-02,utility_ra10,FEDERALBNK.NS,5.669958325660153
2025-07-01,utility_ra10,FEDERALBNK.NS,6.72203488137476
2025-08-01,utility_ra10,FEDERALBNK.NS,2.226312099037978e-14
2025-09-01,utility_ra10,FEDERALBNK.NS,-1.0006515220018567e-14
2025-10-01,utility_ra10,FEDERALBNK.NS,0.06223553251233898
2025-11-03,utility_ra10,FEDERALBNK.NS,13.666451638669413
2025-12-01,utility_ra10,FEDERALBNK.NS,8.172225950406826
2026-01-01,utility_ra10,FEDERALBNK.NS,18.142261999809904
2026-02-02,utility_ra10,FEDERALBNK.NS,20.000379894158886
2026-03-02,utility_ra10,FEDERALBNK.NS,21.186933120627792
2026-04-01,utility_ra10,FEDERALBNK.NS,14.993861752778423
2026-05-04,utility_ra10,FEDERALBNK.NS,16.01251510058848
2026-06-01,utility_ra10,FEDERALBNK.NS,21.972912053454344
2024-08-01,utility_ra10,LUPIN.NS,24.999999999999993
2024-09-02,utility_ra10,LUPIN.NS,23.62615384523248
2024-10-01,utility_ra10,LUPIN.NS,17.05207584708706
2024-11-01,utility_ra10,LUPIN.NS,17.596323088705894
2024-12-02,utility_ra10,LUPIN.NS,16.47203852802074
2025-01-01,utility_ra10,LUPIN.NS,25.000000000000018
2025-02-01,utility_ra10,LUPIN.NS,12.782634903173326
2025-03-03,utility_ra10,LUPIN.NS,10.424599305462237
2025-04-01,utility_ra10,LUPIN.NS,6.906043291406797
2025-05-02,utility_ra10,LUPIN.NS,5.754218333395146
2025-06-02,utility_ra10,LUPIN.NS,3.9426073226469835
2025-07-01,utility_ra10,LUPIN.NS,6.3728939290429025
2025-08-01,utility_ra10,LUPIN.NS,1.6527036552624226
2025-09-01,utility_ra10,LUPIN.NS,-1.2041578670815179e-14
2025-10-01,utility_ra10,LUPIN.NS,-1.2166791306930107e-14
2025-11-03,utility_ra10,LUPIN.NS,-3.680521648093835e-14
2025-12-01,utility_ra10,LUPIN.NS,-1.102349333769927e-14
2026-01-01,utility_ra10,LUPIN.NS,-8.642638404933052e-15
2026-02-02,utility_ra10,LUPIN.NS,-5.618468566311311e-15
2026-03-02,utility_ra10,LUPIN.NS,4.020444184527546e-14
2026-04-01,utility_ra10,LUPIN.NS,-7.649854738419623e-14
2026-05-04,utility_ra10,LUPIN.NS,1.1740718189566306e-14
2026-06-01,utility_ra10,LUPIN.NS,4.064695894476427
2024-08-01,utility_ra10,MARICO.NS,4.398751031524259e-15
2024-09-02,utility_ra10,MARICO.NS,-6.342864315271179e-15
2024-10-01,utility_ra10,MARICO.NS,2.0354567808618442e-14
2024-11-01,utility_ra10,MARICO.NS,-3.2568948535571567e-15
2024-12-02,utility_ra10,MARICO.NS,1.3473074521930515
2025-01-01,utility_ra10,MARICO.NS,2.5753263383474567
2025-02-01,utility_ra10,MARICO.NS,13.053735480852438
2025-03-03,utility_ra10,MARICO.NS,10.951783511938562
2025-04-01,utility_ra10,MARICO.NS,17.340725754779854
2025-05-02,utility_ra10,MARICO.NS,17.71306304296047
2025-06-02,utility_ra10,MARICO.NS,10.737672703807668
2025-07-01,utility_ra10,MARICO.NS,9.836301666457183
2025-08-01,utility_ra10,MARICO.NS,7.853892865430777
2025-09-01,utility_ra10,MARICO.NS,8.131368986990072
2025-10-01,utility_ra10,MARICO.NS,7.116052421946339
2025-11-03,utility_ra10,MARICO.NS,5.763104215137138
2025-12-01,utility_ra10,MARICO.NS,9.764089038864283
2026-01-01,utility_ra10,MARICO.NS,9.076143595837973
2026-02-02,utility_ra10,MARICO.NS,2.166730448596314e-14
2026-03-02,utility_ra10,MARICO.NS,-4.540001619641505e-14
2026-04-01,utility_ra10,MARICO.NS,9.165200363361913
2026-05-04,utility_ra10,MARICO.NS,1.3615032066677811e-14
2026-06-01,utility_ra10,MARICO.NS,9.112823341928662
2024-08-01,utility_ra10,AUROPHARMA.NS,10.879341646085562
2024-09-02,utility_ra10,AUROPHARMA.NS,9.802831514136308
2024-10-01,utility_ra10,AUROPHARMA.NS,4.031980895935132
2024-11-01,utility_ra10,AUROPHARMA.NS,5.135617863542393
2024-12-02,utility_ra10,AUROPHARMA.NS,2.285454668796826e-14
2025-01-01,utility_ra10,AUROPHARMA.NS,1.697835284570182e-14
2025-02-01,utility_ra10,AUROPHARMA.NS,1.5551235911450072e-14
2025-03-03,utility_ra10,AUROPHARMA.NS,-3.1092774034259335e-14
2025-04-01,utility_ra10,AUROPHARMA.NS,5.96031816331445e-14
2025-05-02,utility_ra10,AUROPHARMA.NS,-5.397599889986231e-15
2025-06-02,utility_ra10,AUROPHARMA.NS,4.6329004641591706e-14
2025-07-01,utility_ra10,AUROPHARMA.NS,4.544768682199148e-14
2025-08-01,utility_ra10,AUROPHARMA.NS,-2.957212548482207e-14
2025-09-01,utility_ra10,AUROPHARMA.NS,1.4257532230417558e-14
2025-10-01,utility_ra10,AUROPHARMA.NS,-2.3647719080511598e-14
2025-11-03,utility_ra10,AUROPHARMA.NS,-6.144844037890681e-14
2025-12-01,utility_ra10,AUROPHARMA.NS,1.4749550389525652e-14
2026-01-01,utility_ra10,AUROPHARMA.NS,2.2714267958757475e-14
2026-02-02,utility_ra10,AUROPHARMA.NS,-1.4091986028237666e-13
2026-03-02,utility_ra10,AUROPHARMA.NS,-5.30902508082915e-14
2026-04-01,utility_ra10,AUROPHARMA.NS,-2.9884729805769964e-14
2026-05-04,utility_ra10,AUROPHARMA.NS,2.5362542390521128e-14
2026-06-01,utility_ra10,AUROPHARMA.NS,5.547233828684573
2024-08-01,utility_ra10,BHARATFORG.NS,9.03812321236103
2024-09-02,utility_ra10,BHARATFORG.NS,1.0952267246185555e-14
2024-10-01,utility_ra10,BHARATFORG.NS,4.367541848350886e-14
2024-11-01,utility_ra10,BHARATFORG.NS,1.4420635823574106e-15
2024-12-02,utility_ra10,BHARATFORG.NS,-3.0319489435958367e-15
2025-01-01,utility_ra10,BHARATFORG.NS,-5.34513132472343e-15
2025-02-01,utility_ra10,BHARATFORG.NS,4.24788985662343e-15
2025-03-03,utility_ra10,BHARATFORG.NS,9.790754645206266e-14
2025-04-01,utility_ra10,BHARATFORG.NS,6.894615120179071e-14
2025-05-02,utility_ra10,BHARATFORG.NS,3.2328430485169315e-14
2025-06-02,utility_ra10,BHARATFORG.NS,6.312350422576871e-14
2025-07-01,utility_ra10,BHARATFORG.NS,6.522018405712431e-14
2025-08-01,utility_ra10,BHARATFORG.NS,-4.340683546411466e-14
2025-09-01,utility_ra10,BHARATFORG.NS,1.4983888432024474e-14
2025-10-01,utility_ra10,BHARATFORG.NS,1.2177576954613468e-14
2025-11-03,utility_ra10,BHARATFORG.NS,-4.372065753073607e-14
2025-12-01,utility_ra10,BHARATFORG.NS,1.963766757979405e-14
2026-01-01,utility_ra10,BHARATFORG.NS,3.0141127295720527e-15
2026-02-02,utility_ra10,BHARATFORG.NS,-5.065498717882232e-14
2026-03-02,utility_ra10,BHARATFORG.NS,10.951768592148373
2026-04-01,utility_ra10,BHARATFORG.NS,-6.114707955841825e-15
2026-05-04,utility_ra10,BHARATFORG.NS,17.09552844822415
2026-06-01,utility_ra10,BHARATFORG.NS,16.48290503763358
2024-08-01,utility_ra10,HEROMOTOCO.NS,18.24471019960246
2024-09-02,utility_ra10,HEROMOTOCO.NS,22.074363695005346
2024-10-01,utility_ra10,HEROMOTOCO.NS,21.629121654417574
2024-11-01,utility_ra10,HEROMOTOCO.NS,12.165084441961655
2024-12-02,utility_ra10,HEROMOTOCO.NS,5.0469053041612995
2025-01-01,utility_ra10,HEROMOTOCO.NS,1.9093826178526853e-15
2025-02-01,utility_ra10,HEROMOTOCO.NS,4.013701482210257e-14
2025-03-03,utility_ra10,HEROMOTOCO.NS,-2.5034171119567943e-14
2025-04-01,utility_ra10,HEROMOTOCO.NS,-6.570515599932423e-16
2025-05-02,utility_ra10,HEROMOTOCO.NS,2.500576546291773e-14
2025-06-02,utility_ra10,HEROMOTOCO.NS,5.3257512541164196e-14
2025-07-01,utility_ra10,HEROMOTOCO.NS,5.530892058432608e-14
2025-08-01,utility_ra10,HEROMOTOCO.NS,-2.09581803970093e-14
2025-09-01,utility_ra10,HEROMOTOCO.NS,-1.5010324815110664e-14
2025-10-01,utility_ra10,HEROMOTOCO.NS,-2.1974364356261934e-15
2025-11-03,utility_ra10,HEROMOTOCO.NS,-2.4756192978040066e-14
2025-12-01,utility_ra10,HEROMOTOCO.NS,5.731249210752237
2026-01-01,utility_ra10,HEROMOTOCO.NS,7.2129311715806335
2026-02-02,utility_ra10,HEROMOTOCO.NS,14.58009487489452
2026-03-02,utility_ra10,HEROMOTOCO.NS,11.331441250297908
2026-04-01,utility_ra10,HEROMOTOCO.NS,15.510034480164373
2026-05-04,utility_ra10,HEROMOTOCO.NS,2.1147129728896132
2026-06-01,utility_ra10,HEROMOTOCO.NS,-3.1737753865731645e-14
2024-08-01,utility_ra50,RELIANCE.NS,-1.4248502249294117e-14
2024-09-02,utility_ra50,RELIANCE.NS,-2.4708300244187412e-14
2024-10-01,utility_ra50,RELIANCE.NS,-5.349568713883264e-15
2024-11-01,utility_ra50,RELIANCE.NS,-3.679301768291131e-14
2024-12-02,utility_ra50,RELIANCE.NS,-1.571759531459166e-14
2025-01-01,utility_ra50,RELIANCE.NS,-5.317452015058325e-14
2025-02-01,utility_ra50,RELIANCE.NS,-3.7711214694885054e-14
2025-03-03,utility_ra50,RELIANCE.NS,5.6425937115814675e-15
2025-04-01,utility_ra50,RELIANCE.NS,-2.761583605003941e-14
2025-05-02,utility_ra50,RELIANCE.NS,1.7289311180470694e-15
2025-06-02,utility_ra50,RELIANCE.NS,-5.4338892842592464e-14
2025-07-01,utility_ra50,RELIANCE.NS,-5.73538549371147e-15
2025-08-01,utility_ra50,RELIANCE.NS,-2.86036263036292e-14
2025-09-01,utility_ra50,RELIANCE.NS,-1.1223633251200981e-14
2025-10-01,utility_ra50,RELIANCE.NS,-9.714109478477888e-14
2025-11-03,utility_ra50,RELIANCE.NS,2.7519491833195613e-14
2025-12-01,utility_ra50,RELIANCE.NS,0.15701267015359077
2026-01-01,utility_ra50,RELIANCE.NS,3.28971415957213
2026-02-02,utility_ra50,RELIANCE.NS,6.370046467599777e-14
2026-03-02,utility_ra50,RELIANCE.NS,-2.6484778576435506e-15
2026-04-01,utility_ra50,RELIANCE.NS,4.117271022201514
2026-05-04,utility_ra50,RELIANCE.NS,5.966723913090387
2026-06-01,utility_ra50,RELIANCE.NS,2.385277862776575
2024-08-01,utility_ra50,TCS.NS,6.027531746138292
2024-09-02,utility_ra50,TCS.NS,4.9114447619151385
2024-10-01,utility_ra50,TCS.NS,2.798541753629097
2024-11-01,utility_ra50,TCS.NS,3.786087644553074
2024-12-02,utility_ra50,TCS.NS,5.1461705511554285
2025-01-01,utility_ra50,TCS.NS,1.6079082131208984
2025-02-01,utility_ra50,TCS.NS,4.845673087441689
2025-03-03,utility_ra50,TCS.NS,1.1649563721854141
2025-04-01,utility_ra50,TCS.NS,3.467856020885659
2025-05-02,utility_ra50,TCS.NS,2.578415967045603
2025-06-02,utility_ra50,TCS.NS,1.6690084518861867
2025-07-01,utility_ra50,TCS.NS,4.063308561024792e-15
2025-08-01,utility_ra50,TCS.NS,-1.304389691817471e-13
2025-09-01,utility_ra50,TCS.NS,3.7044890994838996e-14
2025-10-01,utility_ra50,TCS.NS,-2.2077426854623874e-13
2025-11-03,utility_ra50,TCS.NS,-2.543965642704128e-14
2025-12-01,utility_ra50,TCS.NS,2.025672247992224e-14
2026-01-01,utility_ra50,TCS.NS,1.615871123516327e-14
2026-02-02,utility_ra50,TCS.NS,1.9109464903612734e-13
2026-03-02,utility_ra50,TCS.NS,3.236585320716574e-14
2026-04-01,utility_ra50,TCS.NS,3.948829228017508e-14
2026-05-04,utility_ra50,TCS.NS,3.7069048680770604e-14
2026-06-01,utility_ra50,TCS.NS,7.913352109275736e-14
2024-08-01,utility_ra50,INFY.NS,2.245530518205299
2024-09-02,utility_ra50,INFY.NS,4.0053289677526385
2024-10-01,utility_ra50,INFY.NS,2.320396662157314
2024-11-01,utility_ra50,INFY.NS,2.9264088451749353
2024-12-02,utility_ra50,INFY.NS,4.632828871683526
2025-01-01,utility_ra50,INFY.NS,5.615773289418662
2025-02-01,utility_ra50,INFY.NS,4.547271111491737
2025-03-03,utility_ra50,INFY.NS,6.88239481257723
2025-04-01,utility_ra50,INFY.NS,5.112527570421663
2025-05-02,utility_ra50,INFY.NS,3.7068932120799376
2025-06-02,utility_ra50,INFY.NS,3.546325458509572
2025-07-01,utility_ra50,INFY.NS,2.9662321109482
2025-08-01,utility_ra50,INFY.NS,2.1618626544979697e-13
2025-09-01,utility_ra50,INFY.NS,2.5661955140367075e-14
2025-10-01,utility_ra50,INFY.NS,1.3993509122473657e-13
2025-11-03,utility_ra50,INFY.NS,-1.48631957133923e-14
2025-12-01,utility_ra50,INFY.NS,-1.3576781286644316e-14
2026-01-01,utility_ra50,INFY.NS,4.757148906037169e-14
2026-02-02,utility_ra50,INFY.NS,-6.161100302690128e-14
2026-03-02,utility_ra50,INFY.NS,-4.006280799753052e-14
2026-04-01,utility_ra50,INFY.NS,-8.498117338293757e-14
2026-05-04,utility_ra50,INFY.NS,-5.2813735117137496e-14
2026-06-01,utility_ra50,INFY.NS,5.748758497827963e-14
2024-08-01,utility_ra50,HDFCBANK.NS,-1.3911353104872807e-14
2024-09-02,utility_ra50,HDFCBANK.NS,-1.5405351733161527e-14
2024-10-01,utility_ra50,HDFCBANK.NS,1.2977487607770555
2024-11-01,utility_ra50,HDFCBANK.NS,2.667465101370323
2024-12-02,utility_ra50,HDFCBANK.NS,4.0990460598859455
2025-01-01,utility_ra50,HDFCBANK.NS,2.1570235928140056
2025-02-01,utility_ra50,HDFCBANK.NS,7.049687270955609
2025-03-03,utility_ra50,HDFCBANK.NS,11.733262202187836
2025-04-01,utility_ra50,HDFCBANK.NS,11.32495614223075
2025-05-02,utility_ra50,HDFCBANK.NS,10.194234512624579
2025-06-02,utility_ra50,HDFCBANK.NS,9.895413613139267
2025-07-01,utility_ra50,HDFCBANK.NS,9.890983678501621
2025-08-01,utility_ra50,HDFCBANK.NS,14.328263740359537
2025-09-01,utility_ra50,HDFCBANK.NS,12.04083167153757
2025-10-01,utility_ra50,HDFCBANK.NS,10.294390405968166
2025-11-03,utility_ra50,HDFCBANK.NS,9.79841639283484
2025-12-01,utility_ra50,HDFCBANK.NS,9.74999098292862
2026-01-01,utility_ra50,HDFCBANK.NS,10.464262191505151
2026-02-02,utility_ra50,HDFCBANK.NS,12.801309000292576
2026-03-02,utility_ra50,HDFCBANK.NS,7.356233971688231
2026-04-01,utility_ra50,HDFCBANK.NS,-1.8638215583919642e-13
2026-05-04,utility_ra50,HDFCBANK.NS,1.611516566816626e-14
2026-06-01,utility_ra50,HDFCBANK.NS,1.2202009800437359e-13
2024-08-01,utility_ra50,ICICIBANK.NS,4.498734989324594
2024-09-02,utility_ra50,ICICIBANK.NS,5.405958117494725
2024-10-01,utility_ra50,ICICIBANK.NS,5.578357934616318
2024-11-01,utility_ra50,ICICIBANK.NS,7.671359331580936
2024-12-02,utility_ra50,ICICIBANK.NS,8.81592799626448
2025-01-01,utility_ra50,ICICIBANK.NS,9.413593071191393
2025-02-01,utility_ra50,ICICIBANK.NS,7.952230780909477
2025-03-03,utility_ra50,ICICIBANK.NS,8.279749385673304
2025-04-01,utility_ra50,ICICIBANK.NS,8.266909114675267
2025-05-02,utility_ra50,ICICIBANK.NS,9.422360518777758
2025-06-02,utility_ra50,ICICIBANK.NS,9.420261246011579
2025-07-01,utility_ra50,ICICIBANK.NS,9.564702054261852
2025-08-01,utility_ra50,ICICIBANK.NS,12.931569897846837
2025-09-01,utility_ra50,ICICIBANK.NS,12.490047588941458
2025-10-01,utility_ra50,ICICIBANK.NS,9.643731045039905
2025-11-03,utility_ra50,ICICIBANK.NS,5.158601344306892
2025-12-01,utility_ra50,ICICIBANK.NS,2.5960677348428267
2026-01-01,utility_ra50,ICICIBANK.NS,1.485081430928755
2026-02-02,utility_ra50,ICICIBANK.NS,7.1390489101336065
2026-03-02,utility_ra50,ICICIBANK.NS,3.791332461991117
2026-04-01,utility_ra50,ICICIBANK.NS,1.1756784204486725
2026-05-04,utility_ra50,ICICIBANK.NS,1.2541749478696784
2026-06-01,utility_ra50,ICICIBANK.NS,2.21704132204487
2024-08-01,utility_ra50,SBIN.NS,0.5628107304543906
2024-09-02,utility_ra50,SBIN.NS,0.9131459616733062
2024-10-01,utility_ra50,SBIN.NS,1.452632857489606e-14
2024-11-01,utility_ra50,SBIN.NS,1.7874987745143431
2024-12-02,utility_ra50,SBIN.NS,1.2447091008388322
2025-01-01,utility_ra50,SBIN.NS,-3.742854228414267e-15
2025-02-01,utility_ra50,SBIN.NS,0.27023860046970427
2025-03-03,utility_ra50,SBIN.NS,-3.101421091060933e-14
2025-04-01,utility_ra50,SBIN.NS,-3.4838059935824905e-14
2025-05-02,utility_ra50,SBIN.NS,2.0532274312460073e-14
2025-06-02,utility_ra50,SBIN.NS,8.90352829888872e-14
2025-07-01,utility_ra50,SBIN.NS,3.1362237893010607e-14
2025-08-01,utility_ra50,SBIN.NS,-8.374541169162006e-14
2025-09-01,utility_ra50,SBIN.NS,0.8113751039733534
2025-10-01,utility_ra50,SBIN.NS,6.400276799919377
2025-11-03,utility_ra50,SBIN.NS,6.719028742428759
2025-12-01,utility_ra50,SBIN.NS,8.459611957480696
2026-01-01,utility_ra50,SBIN.NS,10.1864088192236
2026-02-02,utility_ra50,SBIN.NS,13.274170654466591
2026-03-02,utility_ra50,SBIN.NS,14.667029730312178
2026-04-01,utility_ra50,SBIN.NS,6.613018027021544
2026-05-04,utility_ra50,SBIN.NS,7.652867156284924
2026-06-01,utility_ra50,SBIN.NS,4.156040827800512
2024-08-01,utility_ra50,ITC.NS,-7.100253093064818e-15
2024-09-02,utility_ra50,ITC.NS,2.083426283393045
2024-10-01,utility_ra50,ITC.NS,2.1026910570504764
2024-11-01,utility_ra50,ITC.NS,5.691166213388308
2024-12-02,utility_ra50,ITC.NS,4.917009110942724
2025-01-01,utility_ra50,ITC.NS,5.694744919559422
2025-02-01,utility_ra50,ITC.NS,3.249136048512512
2025-03-03,utility_ra50,ITC.NS,6.11920333755215
2025-04-01,utility_ra50,ITC.NS,4.694206288631524
2025-05-02,utility_ra50,ITC.NS,5.369478301982178
2025-06-02,utility_ra50,ITC.NS,6.65994309292476
2025-07-01,utility_ra50,ITC.NS,8.48589862681441
2025-08-01,utility_ra50,ITC.NS,5.08370785478784
2025-09-01,utility_ra50,ITC.NS,3.833358225533755
2025-10-01,utility_ra50,ITC.NS,5.185344430849946
2025-11-03,utility_ra50,ITC.NS,2.3165854244316044
2025-12-01,utility_ra50,ITC.NS,0.518804850523851
2026-01-01,utility_ra50,ITC.NS,1.564615535451374e-14
2026-02-02,utility_ra50,ITC.NS,3.0097459487940253e-15
2026-03-02,utility_ra50,ITC.NS,1.934645257672251
2026-04-01,utility_ra50,ITC.NS,2.119858969271661
2026-05-04,utility_ra50,ITC.NS,2.8120201514138287e-15
2026-06-01,utility_ra50,ITC.NS,1.9559864590721102e-13
2024-08-01,utility_ra50,HINDUNILVR.NS,0.16242484693647813
2024-09-02,utility_ra50,HINDUNILVR.NS,4.4524275708386485
2024-10-01,utility_ra50,HINDUNILVR.NS,6.875898143208957
2024-11-01,utility_ra50,HINDUNILVR.NS,3.3594202338495456
2024-12-02,utility_ra50,HINDUNILVR.NS,3.241906401257015
2025-01-01,utility_ra50,HINDUNILVR.NS,1.9928193411759685
2025-02-01,utility_ra50,HINDUNILVR.NS,6.283764996869983
2025-03-03,utility_ra50,HINDUNILVR.NS,6.705681143482546
2025-04-01,utility_ra50,HINDUNILVR.NS,7.5654804542833824
2025-05-02,utility_ra50,HINDUNILVR.NS,8.834246912386499
2025-06-02,utility_ra50,HINDUNILVR.NS,8.053813490137852
2025-07-01,utility_ra50,HINDUNILVR.NS,5.103423915254384
2025-08-01,utility_ra50,HINDUNILVR.NS,10.476064991628967
2025-09-01,utility_ra50,HINDUNILVR.NS,8.350299494566613
2025-10-01,utility_ra50,HINDUNILVR.NS,7.102725911249469
2025-11-03,utility_ra50,HINDUNILVR.NS,7.558937148036654
2025-12-01,utility_ra50,HINDUNILVR.NS,7.896726893884161
2026-01-01,utility_ra50,HINDUNILVR.NS,9.127977732233598
2026-02-02,utility_ra50,HINDUNILVR.NS,10.44120698068493
2026-03-02,utility_ra50,HINDUNILVR.NS,9.55689317578852
2026-04-01,utility_ra50,HINDUNILVR.NS,9.28057336498541
2026-05-04,utility_ra50,HINDUNILVR.NS,6.094656833692034
2026-06-01,utility_ra50,HINDUNILVR.NS,4.123223226311043
2024-08-01,utility_ra50,NESTLEIND.NS,4.149810824567618
2024-09-02,utility_ra50,NESTLEIND.NS,5.156850523893825
2024-10-01,utility_ra50,NESTLEIND.NS,5.823999690056214
2024-11-01,utility_ra50,NESTLEIND.NS,-7.342019802051852e-15
2024-12-02,utility_ra50,NESTLEIND.NS,0.0673036981500558
2025-01-01,utility_ra50,NESTLEIND.NS,4.300853630774187e-15
2025-02-01,utility_ra50,NESTLEIND.NS,-3.539854584977816e-14
2025-03-03,utility_ra50,NESTLEIND.NS,1.6624251817903317
2025-04-01,utility_ra50,NESTLEIND.NS,1.9613406887715665
2025-05-02,utility_ra50,NESTLEIND.NS,1.8650178381161633
2025-06-02,utility_ra50,NESTLEIND.NS,3.5207743544730814
2025-07-01,utility_ra50,NESTLEIND.NS,0.4424741132844807
2025-08-01,utility_ra50,NESTLEIND.NS,0.3521125069741194
2025-09-01,utility_ra50,NESTLEIND.NS,-1.3449190723592215e-14
2025-10-01,utility_ra50,NESTLEIND.NS,-2.047147159244777e-13
2025-11-03,utility_ra50,NESTLEIND.NS,3.406877704666848
2025-12-01,utility_ra50,NESTLEIND.NS,2.2663065301999445
2026-01-01,utility_ra50,NESTLEIND.NS,1.9166760666542362
2026-02-02,utility_ra50,NESTLEIND.NS,4.805061318214104
2026-03-02,utility_ra50,NESTLEIND.NS,4.7881591231703675
2026-04-01,utility_ra50,NESTLEIND.NS,5.266107100661687
2026-05-04,utility_ra50,NESTLEIND.NS,7.294742527259998
2026-06-01,utility_ra50,NESTLEIND.NS,8.196089354322357
2024-08-01,utility_ra50,SUNPHARMA.NS,7.883074914913658
2024-09-02,utility_ra50,SUNPHARMA.NS,10.011361298559631
2024-10-01,utility_ra50,SUNPHARMA.NS,12.818580058611348
2024-11-01,utility_ra50,SUNPHARMA.NS,14.747129856531732
2024-12-02,utility_ra50,SUNPHARMA.NS,12.86141935514776
2025-01-01,utility_ra50,SUNPHARMA.NS,12.073844807764635
2025-02-01,utility_ra50,SUNPHARMA.NS,8.555271128542637
2025-03-03,utility_ra50,SUNPHARMA.NS,5.84196157783816
2025-04-01,utility_ra50,SUNPHARMA.NS,5.853920872978653
2025-05-02,utility_ra50,SUNPHARMA.NS,10.397794315621681
2025-06-02,utility_ra50,SUNPHARMA.NS,10.677525189269172
2025-07-01,utility_ra50,SUNPHARMA.NS,10.227625670806077
2025-08-01,utility_ra50,SUNPHARMA.NS,8.856593711559423
2025-09-01,utility_ra50,SUNPHARMA.NS,4.594585668790993
2025-10-01,utility_ra50,SUNPHARMA.NS,4.714998930600597
2025-11-03,utility_ra50,SUNPHARMA.NS,2.8701019487659423
2025-12-01,utility_ra50,SUNPHARMA.NS,2.851145225912719
2026-01-01,utility_ra50,SUNPHARMA.NS,1.6435462996081185
2026-02-02,utility_ra50,SUNPHARMA.NS,3.0009446871442087
2026-03-02,utility_ra50,SUNPHARMA.NS,5.421012890744635
2026-04-01,utility_ra50,SUNPHARMA.NS,13.04363833312474
2026-05-04,utility_ra50,SUNPHARMA.NS,11.134001466433551
2026-06-01,utility_ra50,SUNPHARMA.NS,9.69765901769045
2024-08-01,utility_ra50,DRREDDY.NS,2.6182376587154774
2024-09-02,utility_ra50,DRREDDY.NS,-5.586710111626402e-16
2024-10-01,utility_ra50,DRREDDY.NS,-4.632562379698446e-14
2024-11-01,utility_ra50,DRREDDY.NS,7.009223679203273e-15
2024-12-02,utility_ra50,DRREDDY.NS,0.6176030204168416
2025-01-01,utility_ra50,DRREDDY.NS,5.358146155742821
2025-02-01,utility_ra50,DRREDDY.NS,3.826432225257961
2025-03-03,utility_ra50,DRREDDY.NS,3.823784653092989
2025-04-01,utility_ra50,DRREDDY.NS,3.5981039692332026
2025-05-02,utility_ra50,DRREDDY.NS,3.9005327347892798
2025-06-02,utility_ra50,DRREDDY.NS,9.15680349315933
2025-07-01,utility_ra50,DRREDDY.NS,7.875344806150583
2025-08-01,utility_ra50,DRREDDY.NS,7.118842995460857
2025-09-01,utility_ra50,DRREDDY.NS,8.08192988295913
2025-10-01,utility_ra50,DRREDDY.NS,7.451857901260696
2025-11-03,utility_ra50,DRREDDY.NS,4.712403228195203
2025-12-01,utility_ra50,DRREDDY.NS,6.205621122287151
2026-01-01,utility_ra50,DRREDDY.NS,0.059283574185595156
2026-02-02,utility_ra50,DRREDDY.NS,-7.050201589208353e-14
2026-03-02,utility_ra50,DRREDDY.NS,1.1593700687537687
2026-04-01,utility_ra50,DRREDDY.NS,1.2728766990161404
2026-05-04,utility_ra50,DRREDDY.NS,4.584790775873381
2026-06-01,utility_ra50,DRREDDY.NS,3.140569499472611
2024-08-01,utility_ra50,TITAN.NS,2.322477107875821
2024-09-02,utility_ra50,TITAN.NS,0.1300825094749036
2024-10-01,utility_ra50,TITAN.NS,2.2224341188257503e-15
2024-11-01,utility_ra50,TITAN.NS,-4.3987106768707584e-16
2024-12-02,utility_ra50,TITAN.NS,1.3344469839762078e-15
2025-01-01,utility_ra50,TITAN.NS,-1.055910717484599e-14
2025-02-01,utility_ra50,TITAN.NS,-3.080624788507369e-14
2025-03-03,utility_ra50,TITAN.NS,-1.48320458565648e-15
2025-04-01,utility_ra50,TITAN.NS,-4.5417888286810645e-14
2025-05-02,utility_ra50,TITAN.NS,-1.5787153670128652e-14
2025-06-02,utility_ra50,TITAN.NS,0.28889400579671115
2025-07-01,utility_ra50,TITAN.NS,1.5680859648969985
2025-08-01,utility_ra50,TITAN.NS,0.4602407757251254
2025-09-01,utility_ra50,TITAN.NS,2.489780152866572
2025-10-01,utility_ra50,TITAN.NS,1.3571655371437686e-14
2025-11-03,utility_ra50,TITAN.NS,1.891190999158464
2025-12-01,utility_ra50,TITAN.NS,2.4171343045123606
2026-01-01,utility_ra50,TITAN.NS,3.6666762119444862
2026-02-02,utility_ra50,TITAN.NS,6.320571578894333
2026-03-02,utility_ra50,TITAN.NS,8.478982656834392
2026-04-01,utility_ra50,TITAN.NS,7.24719726044651
2026-05-04,utility_ra50,TITAN.NS,6.725999997816675
2026-06-01,utility_ra50,TITAN.NS,1.6468449374174239
2024-08-01,utility_ra50,MARUTI.NS,7.311771128470595
2024-09-02,utility_ra50,MARUTI.NS,4.294556029108616
2024-10-01,utility_ra50,MARUTI.NS,2.6732200128891113
2024-11-01,utility_ra50,MARUTI.NS,-1.3734592925564975e-14
2024-12-02,utility_ra50,MARUTI.NS,1.2168013810355687
2025-01-01,utility_ra50,MARUTI.NS,4.13002380820534
2025-02-01,utility_ra50,MARUTI.NS,6.489565507149646
2025-03-03,utility_ra50,MARUTI.NS,3.844554806564137
2025-04-01,utility_ra50,MARUTI.NS,1.1289835155231716
2025-05-02,utility_ra50,MARUTI.NS,0.44367511729787346
2025-06-02,utility_ra50,MARUTI.NS,2.196495795214649e-13
2025-07-01,utility_ra50,MARUTI.NS,1.5958766639052853e-14
2025-08-01,utility_ra50,MARUTI.NS,1.071432084000361
2025-09-01,utility_ra50,MARUTI.NS,7.677705807200488
2025-10-01,utility_ra50,MARUTI.NS,11.022891393878124
2025-11-03,utility_ra50,MARUTI.NS,12.7225400228614
2025-12-01,utility_ra50,MARUTI.NS,13.1489643062566
2026-01-01,utility_ra50,MARUTI.NS,14.032997357137395
2026-02-02,utility_ra50,MARUTI.NS,9.695002067317258
2026-03-02,utility_ra50,MARUTI.NS,5.794675494869533
2026-04-01,utility_ra50,MARUTI.NS,3.244313121853245
2026-05-04,utility_ra50,MARUTI.NS,2.1306486123727253
2026-06-01,utility_ra50,MARUTI.NS,2.3815798785170665
2024-08-01,utility_ra50,TECHM.NS,-1.0171668954008945e-14
2024-09-02,utility_ra50,TECHM.NS,1.8023339880501182e-14
2024-10-01,utility_ra50,TECHM.NS,2.758984958737182e-14
2024-11-01,utility_ra50,TECHM.NS,9.818026796557089e-15
2024-12-02,utility_ra50,TECHM.NS,-1.4127398245458656e-14
2025-01-01,utility_ra50,TECHM.NS,-1.4929008787894738e-14
2025-02-01,utility_ra50,TECHM.NS,2.9209800989737324e-14
2025-03-03,utility_ra50,TECHM.NS,-2.1136377585348513e-14
2025-04-01,utility_ra50,TECHM.NS,-7.514579801130712e-15
2025-05-02,utility_ra50,TECHM.NS,2.0393936458965114
2025-06-02,utility_ra50,TECHM.NS,1.52530017619281
2025-07-01,utility_ra50,TECHM.NS,3.161067877797117
2025-08-01,utility_ra50,TECHM.NS,2.507405817302603
2025-09-01,utility_ra50,TECHM.NS,2.4949927490144983
2025-10-01,utility_ra50,TECHM.NS,1.3793525319264712
2025-11-03,utility_ra50,TECHM.NS,-6.888976212569959e-15
2025-12-01,utility_ra50,TECHM.NS,6.701604012456506e-14
2026-01-01,utility_ra50,TECHM.NS,-5.440136736675132e-15
2026-02-02,utility_ra50,TECHM.NS,-4.601559512941792e-14
2026-03-02,utility_ra50,TECHM.NS,4.9048822480222994e-15
2026-04-01,utility_ra50,TECHM.NS,4.0357477986920784
2026-05-04,utility_ra50,TECHM.NS,5.397165451150282
2026-06-01,utility_ra50,TECHM.NS,6.462287880567207
2024-08-01,utility_ra50,LT.NS,2.977820179570525
2024-09-02,utility_ra50,LT.NS,6.360957908025401e-15
2024-10-01,utility_ra50,LT.NS,-2.7699673868304685e-15
2024-11-01,utility_ra50,LT.NS,3.929759442128054e-15
2024-12-02,utility_ra50,LT.NS,-3.9704053443179374e-14
2025-01-01,utility_ra50,LT.NS,-2.3227107250586318e-15
2025-02-01,utility_ra50,LT.NS,-3.329160396139246e-14
2025-03-03,utility_ra50,LT.NS,-1.53410354458184e-14
2025-04-01,utility_ra50,LT.NS,4.498957138304393e-15
2025-05-02,utility_ra50,LT.NS,-9.526856940332985e-15
2025-06-02,utility_ra50,LT.NS,-1.8843100695107004e-14
2025-07-01,utility_ra50,LT.NS,1.1232056118543792e-14
2025-08-01,utility_ra50,LT.NS,-3.8628851714069634e-14
2025-09-01,utility_ra50,LT.NS,-1.239738849827845e-14
2025-10-01,utility_ra50,LT.NS,4.6355627256008344e-14
2025-11-03,utility_ra50,LT.NS,1.3151857944419219
2025-12-01,utility_ra50,LT.NS,6.150259929425064e-14
2026-01-01,utility_ra50,LT.NS,-9.344940892466629e-15
2026-02-02,utility_ra50,LT.NS,6.65509397015547e-14
2026-03-02,utility_ra50,LT.NS,3.0945805324418676e-14
2026-04-01,utility_ra50,LT.NS,2.3500272912297157e-14
2026-05-04,utility_ra50,LT.NS,-7.536042166784689e-14
2026-06-01,utility_ra50,LT.NS,2.7086840852877292e-14
2024-08-01,utility_ra50,ONGC.NS,1.4791462219109672
2024-09-02,utility_ra50,ONGC.NS,-1.1810979332182994e-14
2024-10-01,utility_ra50,ONGC.NS,-9.3344429500192e-14
2024-11-01,utility_ra50,ONGC.NS,-2.356260828565548e-14
2024-12-02,utility_ra50,ONGC.NS,-2.9769078819346054e-14
2025-01-01,utility_ra50,ONGC.NS,-4.482484319539242e-14
2025-02-01,utility_ra50,ONGC.NS,-1.7000465945506244e-14
2025-03-03,utility_ra50,ONGC.NS,-1.9432013649906906e-14
2025-04-01,utility_ra50,ONGC.NS,-1.8199372049896153e-14
2025-05-02,utility_ra50,ONGC.NS,-3.179274544159858e-14
2025-06-02,utility_ra50,ONGC.NS,-1.165261141435145e-13
2025-07-01,utility_ra50,ONGC.NS,-2.1385041819953365e-15
2025-08-01,utility_ra50,ONGC.NS,7.0104929775234764e-15
2025-09-01,utility_ra50,ONGC.NS,-3.3818003895320877e-15
2025-10-01,utility_ra50,ONGC.NS,-1.4999340582366039e-13
2025-11-03,utility_ra50,ONGC.NS,-6.411052841501684e-14
2025-12-01,utility_ra50,ONGC.NS,9.873513973514998e-15
2026-01-01,utility_ra50,ONGC.NS,2.030498608189191e-15
2026-02-02,utility_ra50,ONGC.NS,1.9027740898704648e-14
2026-03-02,utility_ra50,ONGC.NS,9.784818129382293e-15
2026-04-01,utility_ra50,ONGC.NS,10.258573469634849
2026-05-04,utility_ra50,ONGC.NS,13.874426355533723
2026-06-01,utility_ra50,ONGC.NS,13.543603282252375
2024-08-01,utility_ra50,GOLDBEES.NS,21.031838249255458
2024-09-02,utility_ra50,GOLDBEES.NS,23.395999313492094
2024-10-01,utility_ra50,GOLDBEES.NS,24.999999999999982
2024-11-01,utility_ra50,GOLDBEES.NS,25.000000000000007
2024-12-02,utility_ra50,GOLDBEES.NS,24.999999999999975
2025-01-01,utility_ra50,GOLDBEES.NS,24.999999999999968
2025-02-01,utility_ra50,GOLDBEES.NS,25.000000000000032
2025-03-03,utility_ra50,GOLDBEES.NS,25.00000000000001
2025-04-01,utility_ra50,GOLDBEES.NS,25.00000000000005
2025-05-02,utility_ra50,GOLDBEES.NS,25.00000000000003
2025-06-02,utility_ra50,GOLDBEES.NS,24.999999999999734
2025-07-01,utility_ra50,GOLDBEES.NS,24.999999999999996
2025-08-01,utility_ra50,GOLDBEES.NS,25.00000000000001
2025-09-01,utility_ra50,GOLDBEES.NS,25.000000000000018
2025-10-01,utility_ra50,GOLDBEES.NS,25.000000000000362
2025-11-03,utility_ra50,GOLDBEES.NS,25.000000000000032
2025-12-01,utility_ra50,GOLDBEES.NS,24.999999999999943
2026-01-01,utility_ra50,GOLDBEES.NS,25.00000000000003
2026-02-02,utility_ra50,GOLDBEES.NS,17.886238228765123
2026-03-02,utility_ra50,GOLDBEES.NS,16.901312780357493
2026-04-01,utility_ra50,GOLDBEES.NS,11.879900682088142
2026-05-04,utility_ra50,GOLDBEES.NS,10.547960012256047
2026-06-01,utility_ra50,GOLDBEES.NS,10.152078741254272
2024-08-01,utility_ra50,INDIGO.NS,2.2705524535995276
2024-09-02,utility_ra50,INDIGO.NS,5.832487230249557
2024-10-01,utility_ra50,INDIGO.NS,6.566846101368435
2024-11-01,utility_ra50,INDIGO.NS,4.270745135642557
2024-12-02,utility_ra50,INDIGO.NS,4.257771944701407
2025-01-01,utility_ra50,INDIGO.NS,5.166019174755694
2025-02-01,utility_ra50,INDIGO.NS,4.202376453035583
2025-03-03,utility_ra50,INDIGO.NS,5.004111923360252
2025-04-01,utility_ra50,INDIGO.NS,5.625114468004614
2025-05-02,utility_ra50,INDIGO.NS,4.756563800037044
2025-06-02,utility_ra50,INDIGO.NS,1.8705670726680015
2025-07-01,utility_ra50,INDIGO.NS,4.201859359544021
2025-08-01,utility_ra50,INDIGO.NS,4.137187744036172
2025-09-01,utility_ra50,INDIGO.NS,2.4630152686255165
2025-10-01,utility_ra50,INDIGO.NS,1.7899119168014308
2025-11-03,utility_ra50,INDIGO.NS,2.9525681290970383
2025-12-01,utility_ra50,INDIGO.NS,3.560182305528329
2026-01-01,utility_ra50,INDIGO.NS,-6.4052414010514345e-15
2026-02-02,utility_ra50,INDIGO.NS,2.133967683385383e-14
2026-03-02,utility_ra50,INDIGO.NS,1.8875207922506834e-16
2026-04-01,utility_ra50,INDIGO.NS,5.2685365389080103e-14
2026-05-04,utility_ra50,INDIGO.NS,-2.7391974261403527e-14
2026-06-01,utility_ra50,INDIGO.NS,-5.7620412317341315e-15
2024-08-01,utility_ra50,PERSISTENT.NS,4.2783698656682505
2024-09-02,utility_ra50,PERSISTENT.NS,5.197630031440404
2024-10-01,utility_ra50,PERSISTENT.NS,5.1410735822943225
2024-11-01,utility_ra50,PERSISTENT.NS,3.996470440804692
2024-12-02,utility_ra50,PERSISTENT.NS,3.302711178283551
2025-01-01,utility_ra50,PERSISTENT.NS,4.258362033477463
2025-02-01,utility_ra50,PERSISTENT.NS,0.4802822253566808
2025-03-03,utility_ra50,PERSISTENT.NS,2.001798058574673e-15
2025-04-01,utility_ra50,PERSISTENT.NS,0.05048475252975894
2025-05-02,utility_ra50,PERSISTENT.NS,0.31932652839666353
2025-06-02,utility_ra50,PERSISTENT.NS,1.305311243553601e-14
2025-07-01,utility_ra50,PERSISTENT.NS,0.1562541054036715
2025-08-01,utility_ra50,PERSISTENT.NS,1.1240568349785351e-14
2025-09-01,utility_ra50,PERSISTENT.NS,0.1279321482697958
2025-10-01,utility_ra50,PERSISTENT.NS,7.908738410521067e-14
2025-11-03,utility_ra50,PERSISTENT.NS,-7.587881247602731e-15
2025-12-01,utility_ra50,PERSISTENT.NS,-1.764976745467374e-14
2026-01-01,utility_ra50,PERSISTENT.NS,1.5962428056014413e-14
2026-02-02,utility_ra50,PERSISTENT.NS,-4.56673696747573e-14
2026-03-02,utility_ra50,PERSISTENT.NS,-1.3496615420883153e-14
2026-04-01,utility_ra50,PERSISTENT.NS,3.020622828569217e-14
2026-05-04,utility_ra50,PERSISTENT.NS,6.1572869980893e-14
2026-06-01,utility_ra50,PERSISTENT.NS,-8.515140474289179e-14
2024-08-01,utility_ra50,FEDERALBNK.NS,2.5667399470638066
2024-09-02,utility_ra50,FEDERALBNK.NS,1.9503821657746758
2024-10-01,utility_ra50,FEDERALBNK.NS,1.697287560685139
2024-11-01,utility_ra50,FEDERALBNK.NS,2.166867052190246
2024-12-02,utility_ra50,FEDERALBNK.NS,3.086676580665276
2025-01-01,utility_ra50,FEDERALBNK.NS,2.9861849648857604
2025-02-01,utility_ra50,FEDERALBNK.NS,4.002549031712607
2025-03-03,utility_ra50,FEDERALBNK.NS,3.896693075400573
2025-04-01,utility_ra50,FEDERALBNK.NS,4.184556229217206
2025-05-02,utility_ra50,FEDERALBNK.NS,3.0350282273044837
2025-06-02,utility_ra50,FEDERALBNK.NS,4.168006788508935
2025-07-01,utility_ra50,FEDERALBNK.NS,5.803029878568043
2025-08-01,utility_ra50,FEDERALBNK.NS,2.484285058414078
2025-09-01,utility_ra50,FEDERALBNK.NS,3.4511561731272984
2025-10-01,utility_ra50,FEDERALBNK.NS,4.12532571884372
2025-11-03,utility_ra50,FEDERALBNK.NS,8.414049768966374
2025-12-01,utility_ra50,FEDERALBNK.NS,7.0102363470442155
2026-01-01,utility_ra50,FEDERALBNK.NS,10.586960059722367
2026-02-02,utility_ra50,FEDERALBNK.NS,10.66574189027457
2026-03-02,utility_ra50,FEDERALBNK.NS,11.606412784019629
2026-04-01,utility_ra50,FEDERALBNK.NS,8.040284284417904
2026-05-04,utility_ra50,FEDERALBNK.NS,5.476933311337031
2026-06-01,utility_ra50,FEDERALBNK.NS,8.652836906810467
2024-08-01,utility_ra50,LUPIN.NS,8.188611140902385
2024-09-02,utility_ra50,LUPIN.NS,7.025295865592717
2024-10-01,utility_ra50,LUPIN.NS,5.748896397053537
2024-11-01,utility_ra50,LUPIN.NS,5.634578897438587
2024-12-02,utility_ra50,LUPIN.NS,6.35727287088923
2025-01-01,utility_ra50,LUPIN.NS,8.040502827941603
2025-02-01,utility_ra50,LUPIN.NS,5.58396310965239
2025-03-03,utility_ra50,LUPIN.NS,4.168185587168514
2025-04-01,utility_ra50,LUPIN.NS,3.871194765402789
2025-05-02,utility_ra50,LUPIN.NS,1.658515567814952
2025-06-02,utility_ra50,LUPIN.NS,-2.5722614229715506e-14
2025-07-01,utility_ra50,LUPIN.NS,-1.2624342971430375e-14
2025-08-01,utility_ra50,LUPIN.NS,-8.10113667142867e-14
2025-09-01,utility_ra50,LUPIN.NS,-1.9733721469612536e-14
2025-10-01,utility_ra50,LUPIN.NS,-6.19195642222393e-14
2025-11-03,utility_ra50,LUPIN.NS,-4.7705257424980027e-14
2025-12-01,utility_ra50,LUPIN.NS,-9.455377331725008e-15
2026-01-01,utility_ra50,LUPIN.NS,-5.1037716539175944e-14
2026-02-02,utility_ra50,LUPIN.NS,6.898782730369692e-14
2026-03-02,utility_ra50,LUPIN.NS,4.197242629400228e-15
2026-04-01,utility_ra50,LUPIN.NS,-1.1403428322325618e-13
2026-05-04,utility_ra50,LUPIN.NS,3.033215975100625
2026-06-01,utility_ra50,LUPIN.NS,6.253545884553335
2024-08-01,utility_ra50,MARICO.NS,7.27080526128145
2024-09-02,utility_ra50,MARICO.NS,2.7304712337734007
2024-10-01,utility_ra50,MARICO.NS,3.5376571232336262
2024-11-01,utility_ra50,MARICO.NS,5.775467887057968
2024-12-02,utility_ra50,MARICO.NS,6.028499564760715
2025-01-01,utility_ra50,MARICO.NS,6.0509745685764456
2025-02-01,utility_ra50,MARICO.NS,7.661558422641593
2025-03-03,utility_ra50,MARICO.NS,5.382572718276434
2025-04-01,utility_ra50,MARICO.NS,7.127799315422971
2025-05-02,utility_ra50,MARICO.NS,6.478522799828636
2025-06-02,utility_ra50,MARICO.NS,4.547363567322855
2025-07-01,utility_ra50,MARICO.NS,5.55301783776884
2025-08-01,utility_ra50,MARICO.NS,5.1922928219040125
2025-09-01,utility_ra50,MARICO.NS,6.09299006459311
2025-10-01,utility_ra50,MARICO.NS,5.8891930136624175
2025-11-03,utility_ra50,MARICO.NS,5.16351335180812
2025-12-01,utility_ra50,MARICO.NS,8.162194768444825
2026-01-01,utility_ra50,MARICO.NS,8.540416097284716
2026-02-02,utility_ra50,MARICO.NS,2.3771071701936957
2026-03-02,utility_ra50,MARICO.NS,5.818177067880522
2026-04-01,utility_ra50,MARICO.NS,12.40496144613587
2026-05-04,utility_ra50,MARICO.NS,8.831692663928905
2026-06-01,utility_ra50,MARICO.NS,13.772403367102404
2024-08-01,utility_ra50,AUROPHARMA.NS,3.8701189740006985
2024-09-02,utility_ra50,AUROPHARMA.NS,4.291447295790392
2024-10-01,utility_ra50,AUROPHARMA.NS,2.42438674931352
2024-11-01,utility_ra50,AUROPHARMA.NS,3.344323902463004
2024-12-02,utility_ra50,AUROPHARMA.NS,0.06241381028943716
2025-01-01,utility_ra50,AUROPHARMA.NS,1.326318958252583e-14
2025-02-01,utility_ra50,AUROPHARMA.NS,-1.2720675799671304e-14
2025-03-03,utility_ra50,AUROPHARMA.NS,0.49046322285004934
2025-04-01,utility_ra50,AUROPHARMA.NS,1.166565831787737
2025-05-02,utility_ra50,AUROPHARMA.NS,-1.3571472016772178e-15
2025-06-02,utility_ra50,AUROPHARMA.NS,-2.140758426488233e-14
2025-07-01,utility_ra50,AUROPHARMA.NS,5.97753150310721e-14
2025-08-01,utility_ra50,AUROPHARMA.NS,4.9919064764710347e-14
2025-09-01,utility_ra50,AUROPHARMA.NS,2.3478591000105606e-14
2025-10-01,utility_ra50,AUROPHARMA.NS,-2.8797663574728846e-14
2025-11-03,utility_ra50,AUROPHARMA.NS,-8.326655104486849e-15
2025-12-01,utility_ra50,AUROPHARMA.NS,7.8327443167486e-15
2026-01-01,utility_ra50,AUROPHARMA.NS,1.472687466281648e-14
2026-02-02,utility_ra50,AUROPHARMA.NS,1.436162628119491e-15
2026-03-02,utility_ra50,AUROPHARMA.NS,-2.8552938927243244e-15
2026-04-01,utility_ra50,AUROPHARMA.NS,1.2453792819311243e-14
2026-05-04,utility_ra50,AUROPHARMA.NS,-2.529115079019199e-14
2026-06-01,utility_ra50,AUROPHARMA.NS,3.2189180111073274
2024-08-01,utility_ra50,BHARATFORG.NS,1.3856198362104621
2024-09-02,utility_ra50,BHARATFORG.NS,-2.0069723810985316e-14
2024-10-01,utility_ra50,BHARATFORG.NS,-5.4037483359278907e-14
2024-11-01,utility_ra50,BHARATFORG.NS,-3.59322215146892e-14
2024-12-02,utility_ra50,BHARATFORG.NS,-2.1378514367530184e-14
2025-01-01,utility_ra50,BHARATFORG.NS,-4.7540849534699473e-14
2025-02-01,utility_ra50,BHARATFORG.NS,-1.0251371357433062e-16
2025-03-03,utility_ra50,BHARATFORG.NS,-1.3241576594160387e-14
2025-04-01,utility_ra50,BHARATFORG.NS,4.137902674834986e-15
2025-05-02,utility_ra50,BHARATFORG.NS,1.1901387964455622e-15
2025-06-02,utility_ra50,BHARATFORG.NS,-4.306466143691387e-14
2025-07-01,utility_ra50,BHARATFORG.NS,-1.486089035013605e-14
2025-08-01,utility_ra50,BHARATFORG.NS,3.4557057494825572e-15
2025-09-01,utility_ra50,BHARATFORG.NS,-4.7833917603272545e-15
2025-10-01,utility_ra50,BHARATFORG.NS,-1.631414221107765e-14
2025-11-03,utility_ra50,BHARATFORG.NS,2.1792267886615387e-14
2025-12-01,utility_ra50,BHARATFORG.NS,-1.4830870167880133e-14
2026-01-01,utility_ra50,BHARATFORG.NS,-6.4777914912560445e-15
2026-02-02,utility_ra50,BHARATFORG.NS,-7.660429917444617e-15
2026-03-02,utility_ra50,BHARATFORG.NS,7.962847949544703e-16
2026-04-01,utility_ra50,BHARATFORG.NS,-3.61953090315289e-14
2026-05-04,utility_ra50,BHARATFORG.NS,-3.059279877576889e-14
2026-06-01,utility_ra50,BHARATFORG.NS,2.0498080409167333e-14
2024-08-01,utility_ra50,HEROMOTOCO.NS,6.897973404934196
2024-09-02,utility_ra50,HEROMOTOCO.NS,8.211704839782174
2024-10-01,utility_ra50,HEROMOTOCO.NS,7.594418413054966
2024-11-01,utility_ra50,HEROMOTOCO.NS,7.175010683439341
2024-12-02,utility_ra50,HEROMOTOCO.NS,5.043928503632072
2025-01-01,utility_ra50,HEROMOTOCO.NS,0.4540792313696628
2025-02-01,utility_ra50,HEROMOTOCO.NS,-1.5336294696914313e-14
2025-03-03,utility_ra50,HEROMOTOCO.NS,-3.263030961934641e-14
2025-04-01,utility_ra50,HEROMOTOCO.NS,5.659034242339508e-15
2025-05-02,utility_ra50,HEROMOTOCO.NS,3.10168351116718e-14
2025-06-02,utility_ra50,HEROMOTOCO.NS,-1.0143291916275946e-13
2025-07-01,utility_ra50,HEROMOTOCO.NS,1.524715268875504e-14
2025-08-01,utility_ra50,HEROMOTOCO.NS,6.035681581352017e-14
2025-09-01,utility_ra50,HEROMOTOCO.NS,-2.1834268886060885e-15
2025-10-01,utility_ra50,HEROMOTOCO.NS,1.5824320232572055e-13
2025-11-03,utility_ra50,HEROMOTOCO.NS,1.0171859083467577e-14
2025-12-01,utility_ra50,HEROMOTOCO.NS,-7.284839935741243e-16
2026-01-01,utility_ra50,HEROMOTOCO.NS,-1.6042535905165494e-14
2026-02-02,utility_ra50,HEROMOTOCO.NS,1.5935975136186338
2026-03-02,utility_ra50,HEROMOTOCO.NS,2.725762535917232
2026-04-01,utility_ra50,HEROMOTOCO.NS,4.359594288482633e-15
2026-05-04,utility_ra50,HEROMOTOCO.NS,2.334593279752944e-14
2026-06-01,utility_ra50,HEROMOTOCO.NS,-3.1283409442147324e-15
2024-08-01,max_sharpe,RELIANCE.NS,-1.457905668087222e-14
2024-09-02,max_sharpe,RELIANCE.NS,6.5020652213172175e-15
2024-10-01,max_sharpe,RELIANCE.NS,1.1317851623077701e-14
2024-11-01,max_sharpe,RELIANCE.NS,1.1509540745248316e-14
2024-12-02,max_sharpe,RELIANCE.NS,1.4842449656411687e-14
2025-01-01,max_sharpe,RELIANCE.NS,1.2514360336738768e-14
2025-02-01,max_sharpe,RELIANCE.NS,5.050981682973802e-14
2025-03-03,max_sharpe,RELIANCE.NS,-1.652821530928697e-14
2025-04-01,max_sharpe,RELIANCE.NS,-1.6137254455166823e-14
2025-05-02,max_sharpe,RELIANCE.NS,-1.20336472891479e-15
2025-06-02,max_sharpe,RELIANCE.NS,-2.2392284995410535e-15
2025-07-01,max_sharpe,RELIANCE.NS,-6.149343055751895e-14
2025-08-01,max_sharpe,RELIANCE.NS,-5.6034466725876306e-14
2025-09-01,max_sharpe,RELIANCE.NS,-4.5824723498517256e-14
2025-10-01,max_sharpe,RELIANCE.NS,-5.005909105356941e-14
2025-11-03,max_sharpe,RELIANCE.NS,-5.743944733639053e-14
2025-12-01,max_sharpe,RELIANCE.NS,4.519958551155549
2026-01-01,max_sharpe,RELIANCE.NS,7.465810410012247
2026-02-02,max_sharpe,RELIANCE.NS,1.4201749372326109e-14
2026-03-02,max_sharpe,RELIANCE.NS,-1.3443366320030922e-14
2026-04-01,max_sharpe,RELIANCE.NS,-1.976638448883853e-15
2026-05-04,max_sharpe,RELIANCE.NS,-5.933802948777572e-14
2026-06-01,max_sharpe,RELIANCE.NS,-4.764778486522066e-14
2024-08-01,max_sharpe,TCS.NS,2.8709255029097682
2024-09-02,max_sharpe,TCS.NS,1.9818941995311405
2024-10-01,max_sharpe,TCS.NS,-9.54276071585078e-16
2024-11-01,max_sharpe,TCS.NS,-3.471229090985685e-14
2024-12-02,max_sharpe,TCS.NS,-2.5622119087617527e-14
2025-01-01,max_sharpe,TCS.NS,2.7014635400457377e-14
2025-02-01,max_sharpe,TCS.NS,2.3278341427422356e-14
2025-03-03,max_sharpe,TCS.NS,-3.115457850794313e-14
2025-04-01,max_sharpe,TCS.NS,7.88679117307783e-16
2025-05-02,max_sharpe,TCS.NS,-3.576247120022114e-14
2025-06-02,max_sharpe,TCS.NS,7.004127434892962e-15
2025-07-01,max_sharpe,TCS.NS,-4.4527458702019844e-14
2025-08-01,max_sharpe,TCS.NS,-8.62263277959807e-15
2025-09-01,max_sharpe,TCS.NS,-3.584284554142203e-14
2025-10-01,max_sharpe,TCS.NS,-4.6859989692713065e-14
2025-11-03,max_sharpe,TCS.NS,-3.5957438283068825e-15
2025-12-01,max_sharpe,TCS.NS,-2.602168890384557e-14
2026-01-01,max_sharpe,TCS.NS,3.563758925583625e-14
2026-02-02,max_sharpe,TCS.NS,-3.6713558224123624e-14
2026-03-02,max_sharpe,TCS.NS,-2.795468722790355e-14
2026-04-01,max_sharpe,TCS.NS,-8.379556678703648e-15
2026-05-04,max_sharpe,TCS.NS,-1.621745785783313e-14
2026-06-01,max_sharpe,TCS.NS,-3.1584131603100606e-14
2024-08-01,max_sharpe,INFY.NS,2.7639676061055064e-15
2024-09-02,max_sharpe,INFY.NS,4.131562696818279
2024-10-01,max_sharpe,INFY.NS,-2.7551114502003526e-15
2024-11-01,max_sharpe,INFY.NS,-8.016667654634945e-15
2024-12-02,max_sharpe,INFY.NS,-1.668291162587327e-15
2025-01-01,max_sharpe,INFY.NS,2.5520102230131216e-14
2025-02-01,max_sharpe,INFY.NS,7.984540524876673e-15
2025-03-03,max_sharpe,INFY.NS,1.3508608980976977e-16
2025-04-01,max_sharpe,INFY.NS,1.441263136107534e-14
2025-05-02,max_sharpe,INFY.NS,-4.012905598594507e-14
2025-06-02,max_sharpe,INFY.NS,1.4684824457416063e-14
2025-07-01,max_sharpe,INFY.NS,-3.768266508104566e-14
2025-08-01,max_sharpe,INFY.NS,-3.719423128798735e-14
2025-09-01,max_sharpe,INFY.NS,1.3087179877238337e-14
2025-10-01,max_sharpe,INFY.NS,-2.6837983002387922e-14
2025-11-03,max_sharpe,INFY.NS,-1.9978944225098775e-15
2025-12-01,max_sharpe,INFY.NS,-4.921868071535595e-14
2026-01-01,max_sharpe,INFY.NS,9.245233963963347e-15
2026-02-02,max_sharpe,INFY.NS,-4.0270999989384474e-14
2026-03-02,max_sharpe,INFY.NS,6.509436832521252e-15
2026-04-01,max_sharpe,INFY.NS,-1.661565458369692e-14
2026-05-04,max_sharpe,INFY.NS,4.7020759488127887e-14
2026-06-01,max_sharpe,INFY.NS,-1.6353121659917312e-13
2024-08-01,max_sharpe,HDFCBANK.NS,1.846950712769657e-14
2024-09-02,max_sharpe,HDFCBANK.NS,-1.1893304404207343e-14
2024-10-01,max_sharpe,HDFCBANK.NS,-9.69348982368825e-15
2024-11-01,max_sharpe,HDFCBANK.NS,4.851961014174065e-16
2024-12-02,max_sharpe,HDFCBANK.NS,1.8722166197857633e-14
2025-01-01,max_sharpe,HDFCBANK.NS,3.158000462792963e-16
2025-02-01,max_sharpe,HDFCBANK.NS,0.6129248859071038
2025-03-03,max_sharpe,HDFCBANK.NS,19.942222994630825
2025-04-01,max_sharpe,HDFCBANK.NS,12.639345382194403
2025-05-02,max_sharpe,HDFCBANK.NS,9.891147590370151
2025-06-02,max_sharpe,HDFCBANK.NS,13.717073096629532
2025-07-01,max_sharpe,HDFCBANK.NS,9.437867201297093
2025-08-01,max_sharpe,HDFCBANK.NS,24.999999999999996
2025-09-01,max_sharpe,HDFCBANK.NS,18.488924537326625
2025-10-01,max_sharpe,HDFCBANK.NS,17.72909664020135
2025-11-03,max_sharpe,HDFCBANK.NS,3.096957045018567
2025-12-01,max_sharpe,HDFCBANK.NS,1.9254898663535494
2026-01-01,max_sharpe,HDFCBANK.NS,0.2832668762432617
2026-02-02,max_sharpe,HDFCBANK.NS,0.9583284633020932
2026-03-02,max_sharpe,HDFCBANK.NS,-2.09449544164335e-15
2026-04-01,max_sharpe,HDFCBANK.NS,1.3746440398373536e-14
2026-05-04,max_sharpe,HDFCBANK.NS,7.94421786729403e-14
2026-06-01,max_sharpe,HDFCBANK.NS,2.3714845363575805e-14
2024-08-01,max_sharpe,ICICIBANK.NS,1.4031693248616754e-14
2024-09-02,max_sharpe,ICICIBANK.NS,-3.30442608538353e-17
2024-10-01,max_sharpe,ICICIBANK.NS,1.4294735568856873e-15
2024-11-01,max_sharpe,ICICIBANK.NS,6.216518146380966
2024-12-02,max_sharpe,ICICIBANK.NS,9.517260900826532
2025-01-01,max_sharpe,ICICIBANK.NS,6.743399932888348
2025-02-01,max_sharpe,ICICIBANK.NS,8.301872895795887
2025-03-03,max_sharpe,ICICIBANK.NS,4.038791528450135
2025-04-01,max_sharpe,ICICIBANK.NS,7.654082235706042
2025-05-02,max_sharpe,ICICIBANK.NS,14.424489598675837
2025-06-02,max_sharpe,ICICIBANK.NS,20.293070429021643
2025-07-01,max_sharpe,ICICIBANK.NS,10.535569138974449
2025-08-01,max_sharpe,ICICIBANK.NS,24.99999999999997
2025-09-01,max_sharpe,ICICIBANK.NS,18.4122618813963
2025-10-01,max_sharpe,ICICIBANK.NS,1.899081987827433
2025-11-03,max_sharpe,ICICIBANK.NS,3.9837632800379594e-14
2025-12-01,max_sharpe,ICICIBANK.NS,1.811857461250464e-14
2026-01-01,max_sharpe,ICICIBANK.NS,-3.1764533975215138e-15
2026-02-02,max_sharpe,ICICIBANK.NS,0.9663298803398317
2026-03-02,max_sharpe,ICICIBANK.NS,-4.28884890055642e-14
2026-04-01,max_sharpe,ICICIBANK.NS,-2.730547134467459e-14
2026-05-04,max_sharpe,ICICIBANK.NS,-1.1538579156310694e-14
2026-06-01,max_sharpe,ICICIBANK.NS,-4.4153963046427834e-14
2024-08-01,max_sharpe,SBIN.NS,7.0359198903042465e-15
2024-09-02,max_sharpe,SBIN.NS,0.02520736226623954
2024-10-01,max_sharpe,SBIN.NS,-1.0159583133601253e-14
2024-11-01,max_sharpe,SBIN.NS,3.6585867906089766
2024-12-02,max_sharpe,SBIN.NS,4.762508286411699
2025-01-01,max_sharpe,SBIN.NS,2.251179180767917e-14
2025-02-01,max_sharpe,SBIN.NS,-2.67820620075044e-14
2025-03-03,max_sharpe,SBIN.NS,1.2771779477244457e-14
2025-04-01,max_sharpe,SBIN.NS,-2.491061904639142e-14
2025-05-02,max_sharpe,SBIN.NS,2.743993577374627e-14
2025-06-02,max_sharpe,SBIN.NS,4.551550193116725e-14
2025-07-01,max_sharpe,SBIN.NS,-2.6008298037064962e-14
2025-08-01,max_sharpe,SBIN.NS,8.241103554097831e-14
2025-09-01,max_sharpe,SBIN.NS,5.788309275972601e-14
2025-10-01,max_sharpe,SBIN.NS,14.82131017827789
2025-11-03,max_sharpe,SBIN.NS,10.824947035977273
2025-12-01,max_sharpe,SBIN.NS,6.146703081863514
2026-01-01,max_sharpe,SBIN.NS,8.613806981011116
2026-02-02,max_sharpe,SBIN.NS,25.000000000000078
2026-03-02,max_sharpe,SBIN.NS,24.999999999999968
2026-04-01,max_sharpe,SBIN.NS,18.696485420725814
2026-05-04,max_sharpe,SBIN.NS,6.467541909130971
2026-06-01,max_sharpe,SBIN.NS,-7.670503198408314e-14
2024-08-01,max_sharpe,ITC.NS,-2.5820262034542923e-15
2024-09-02,max_sharpe,ITC.NS,1.2650002280300125e-14
2024-10-01,max_sharpe,ITC.NS,3.427593716897522e-15
2024-11-01,max_sharpe,ITC.NS,-1.7372160614261014e-16
2024-12-02,max_sharpe,ITC.NS,1.7939436437879876e-15
2025-01-01,max_sharpe,ITC.NS,3.9837780645236105e-14
2025-02-01,max_sharpe,ITC.NS,-2.570484163109479e-14
2025-03-03,max_sharpe,ITC.NS,4.979350216093138e-15
2025-04-01,max_sharpe,ITC.NS,-4.3544308248187705e-14
2025-05-02,max_sharpe,ITC.NS,5.2152065755065496e-14
2025-06-02,max_sharpe,ITC.NS,5.386102624384108e-15
2025-07-01,max_sharpe,ITC.NS,-5.2251524205904935e-14
2025-08-01,max_sharpe,ITC.NS,-9.229332518313333e-16
2025-09-01,max_sharpe,ITC.NS,3.0012675063694915e-14
2025-10-01,max_sharpe,ITC.NS,-3.536815940828578e-14
2025-11-03,max_sharpe,ITC.NS,-2.7241866412387493e-14
2025-12-01,max_sharpe,ITC.NS,-2.5505177606898447e-14
2026-01-01,max_sharpe,ITC.NS,6.780027353257516e-17
2026-02-02,max_sharpe,ITC.NS,-2.1883899361479463e-14
2026-03-02,max_sharpe,ITC.NS,9.450014116400239e-15
2026-04-01,max_sharpe,ITC.NS,2.787292247868388e-15
2026-05-04,max_sharpe,ITC.NS,4.136647899688123e-15
2026-06-01,max_sharpe,ITC.NS,-5.025120274841399e-14
2024-08-01,max_sharpe,HINDUNILVR.NS,1.4481138867593656e-14
2024-09-02,max_sharpe,HINDUNILVR.NS,-1.491210911323996e-15
2024-10-01,max_sharpe,HINDUNILVR.NS,2.574967396138438
2024-11-01,max_sharpe,HINDUNILVR.NS,-2.4249175747959655e-14
2024-12-02,max_sharpe,HINDUNILVR.NS,7.75573503302215e-15
2025-01-01,max_sharpe,HINDUNILVR.NS,4.3416018100404673e-16
2025-02-01,max_sharpe,HINDUNILVR.NS,-2.2821242242455907e-15
2025-03-03,max_sharpe,HINDUNILVR.NS,1.1050524173995033e-14
2025-04-01,max_sharpe,HINDUNILVR.NS,1.0481586347606886e-14
2025-05-02,max_sharpe,HINDUNILVR.NS,1.5277197133261363e-14
2025-06-02,max_sharpe,HINDUNILVR.NS,2.5271559829765245e-14
2025-07-01,max_sharpe,HINDUNILVR.NS,4.388241879296633e-14
2025-08-01,max_sharpe,HINDUNILVR.NS,-2.5587255304296155e-14
2025-09-01,max_sharpe,HINDUNILVR.NS,-2.852333990881843e-14
2025-10-01,max_sharpe,HINDUNILVR.NS,1.5984606082134502e-14
2025-11-03,max_sharpe,HINDUNILVR.NS,4.309598674529701e-14
2025-12-01,max_sharpe,HINDUNILVR.NS,-5.706456402189373e-14
2026-01-01,max_sharpe,HINDUNILVR.NS,9.747340689636118e-15
2026-02-02,max_sharpe,HINDUNILVR.NS,1.0526149969521372e-14
2026-03-02,max_sharpe,HINDUNILVR.NS,-1.2075620054206103e-14
2026-04-01,max_sharpe,HINDUNILVR.NS,-2.506577684806039e-14
2026-05-04,max_sharpe,HINDUNILVR.NS,-1.860752591459234e-16
2026-06-01,max_sharpe,HINDUNILVR.NS,-3.741659481436907e-14
2024-08-01,max_sharpe,NESTLEIND.NS,-4.325487827185599e-15
2024-09-02,max_sharpe,NESTLEIND.NS,-1.3300229040207155e-14
2024-10-01,max_sharpe,NESTLEIND.NS,5.154955844323972e-15
2024-11-01,max_sharpe,NESTLEIND.NS,-1.2113860650289173e-14
2024-12-02,max_sharpe,NESTLEIND.NS,1.629121823996637e-14
2025-01-01,max_sharpe,NESTLEIND.NS,1.5972101045299067e-14
2025-02-01,max_sharpe,NESTLEIND.NS,2.7280484357967323e-14
2025-03-03,max_sharpe,NESTLEIND.NS,-2.359306994010492e-15
2025-04-01,max_sharpe,NESTLEIND.NS,1.171250227187174e-14
2025-05-02,max_sharpe,NESTLEIND.NS,2.6688356591096168e-14
2025-06-02,max_sharpe,NESTLEIND.NS,-1.3521775263533421e-14
2025-07-01,max_sharpe,NESTLEIND.NS,-4.747520221663309e-14
2025-08-01,max_sharpe,NESTLEIND.NS,-4.4592799735987954e-14
2025-09-01,max_sharpe,NESTLEIND.NS,-7.801942000010597e-15
2025-10-01,max_sharpe,NESTLEIND.NS,3.1368696109549557e-15
2025-11-03,max_sharpe,NESTLEIND.NS,2.5491913016450907
2025-12-01,max_sharpe,NESTLEIND.NS,3.757952238298852e-15
2026-01-01,max_sharpe,NESTLEIND.NS,2.755281986530892
2026-02-02,max_sharpe,NESTLEIND.NS,7.831525800090771
2026-03-02,max_sharpe,NESTLEIND.NS,1.6458271182934197
2026-04-01,max_sharpe,NESTLEIND.NS,-1.700068864900018e-14
2026-05-04,max_sharpe,NESTLEIND.NS,10.314933680089226
2026-06-01,max_sharpe,NESTLEIND.NS,10.980890397639335
2024-08-01,max_sharpe,SUNPHARMA.NS,7.524960210185943
2024-09-02,max_sharpe,SUNPHARMA.NS,10.016902430769234
2024-10-01,max_sharpe,SUNPHARMA.NS,17.113171273752776
2024-11-01,max_sharpe,SUNPHARMA.NS,19.03155621131741
2024-12-02,max_sharpe,SUNPHARMA.NS,16.0903149559054
2025-01-01,max_sharpe,SUNPHARMA.NS,18.157367319275163
2025-02-01,max_sharpe,SUNPHARMA.NS,6.71881265866406
2025-03-03,max_sharpe,SUNPHARMA.NS,5.592067835066964e-15
2025-04-01,max_sharpe,SUNPHARMA.NS,-6.8759299318142e-15
2025-05-02,max_sharpe,SUNPHARMA.NS,4.299585952755107
2025-06-02,max_sharpe,SUNPHARMA.NS,6.19812298877649
2025-07-01,max_sharpe,SUNPHARMA.NS,-2.3980068051667066e-14
2025-08-01,max_sharpe,SUNPHARMA.NS,-9.810164529680719e-14
2025-09-01,max_sharpe,SUNPHARMA.NS,-4.1093634033911225e-14
2025-10-01,max_sharpe,SUNPHARMA.NS,-2.2225823926326022e-14
2025-11-03,max_sharpe,SUNPHARMA.NS,4.235436439503186e-14
2025-12-01,max_sharpe,SUNPHARMA.NS,6.552807348866773e-15
2026-01-01,max_sharpe,SUNPHARMA.NS,3.6011803302818235e-15
2026-02-02,max_sharpe,SUNPHARMA.NS,-4.292225280193628e-14
2026-03-02,max_sharpe,SUNPHARMA.NS,-2.498625092903233e-14
2026-04-01,max_sharpe,SUNPHARMA.NS,-2.225307445003091e-16
2026-05-04,max_sharpe,SUNPHARMA.NS,1.5461404075341187e-14
2026-06-01,max_sharpe,SUNPHARMA.NS,-7.746146214394621e-15
2024-08-01,max_sharpe,DRREDDY.NS,-1.6796000437466213e-14
2024-09-02,max_sharpe,DRREDDY.NS,-6.855726410330772e-15
2024-10-01,max_sharpe,DRREDDY.NS,-2.2376811739930438e-15
2024-11-01,max_sharpe,DRREDDY.NS,-1.6179596426793495e-15
2024-12-02,max_sharpe,DRREDDY.NS,1.281871153949166e-14
2025-01-01,max_sharpe,DRREDDY.NS,9.005292797350858e-15
2025-02-01,max_sharpe,DRREDDY.NS,-3.0540124710243312e-15
2025-03-03,max_sharpe,DRREDDY.NS,-2.791997785868632e-14
2025-04-01,max_sharpe,DRREDDY.NS,-8.95514112546057e-15
2025-05-02,max_sharpe,DRREDDY.NS,-3.800021224828105e-14
2025-06-02,max_sharpe,DRREDDY.NS,1.2952075649148678e-14
2025-07-01,max_sharpe,DRREDDY.NS,-4.0109898362847603e-14
2025-08-01,max_sharpe,DRREDDY.NS,-7.816931015414864e-14
2025-09-01,max_sharpe,DRREDDY.NS,-1.9939962043883684e-14
2025-10-01,max_sharpe,DRREDDY.NS,1.4876048647582544e-14
2025-11-03,max_sharpe,DRREDDY.NS,-2.0839580843913825e-14
2025-12-01,max_sharpe,DRREDDY.NS,-1.3463753973740566e-15
2026-01-01,max_sharpe,DRREDDY.NS,6.566561992246642e-15
2026-02-02,max_sharpe,DRREDDY.NS,-2.71551964062402e-14
2026-03-02,max_sharpe,DRREDDY.NS,-2.4782103342385912e-14
2026-04-01,max_sharpe,DRREDDY.NS,-3.03048395545155e-14
2026-05-04,max_sharpe,DRREDDY.NS,-1.5006014768012153e-15
2026-06-01,max_sharpe,DRREDDY.NS,-4.428237987860216e-14
2024-08-01,max_sharpe,TITAN.NS,5.249105007536573e-15
2024-09-02,max_sharpe,TITAN.NS,-9.405900373395566e-15
2024-10-01,max_sharpe,TITAN.NS,4.228536662355105e-15
2024-11-01,max_sharpe,TITAN.NS,6.351262773813707e-15
2024-12-02,max_sharpe,TITAN.NS,-9.911504382834994e-15
2025-01-01,max_sharpe,TITAN.NS,4.453738788317654e-14
2025-02-01,max_sharpe,TITAN.NS,-2.937592417340453e-15
2025-03-03,max_sharpe,TITAN.NS,-2.3492971005796384e-14
2025-04-01,max_sharpe,TITAN.NS,1.545051704970179e-14
2025-05-02,max_sharpe,TITAN.NS,6.210005272151003e-14
2025-06-02,max_sharpe,TITAN.NS,4.728566272931956e-16
2025-07-01,max_sharpe,TITAN.NS,5.595407984570623e-14
2025-08-01,max_sharpe,TITAN.NS,-4.449429993824755e-14
2025-09-01,max_sharpe,TITAN.NS,-1.3978709373657836e-14
2025-10-01,max_sharpe,TITAN.NS,-1.982065080260878e-14
2025-11-03,max_sharpe,TITAN.NS,1.8358431955620782e-14
2025-12-01,max_sharpe,TITAN.NS,2.5574105743971
2026-01-01,max_sharpe,TITAN.NS,2.098081672236333
2026-02-02,max_sharpe,TITAN.NS,1.7953976729108077
2026-03-02,max_sharpe,TITAN.NS,8.706441316523627
2026-04-01,max_sharpe,TITAN.NS,7.693129424741772
2026-05-04,max_sharpe,TITAN.NS,4.666882322630855
2026-06-01,max_sharpe,TITAN.NS,1.6824861703826218e-14
2024-08-01,max_sharpe,MARUTI.NS,5.546793367542534
2024-09-02,max_sharpe,MARUTI.NS,2.0134980656780278e-14
2024-10-01,max_sharpe,MARUTI.NS,7.994319540990282e-15
2024-11-01,max_sharpe,MARUTI.NS,-1.3529067123159258e-14
2024-12-02,max_sharpe,MARUTI.NS,-6.296154557425977e-15
2025-01-01,max_sharpe,MARUTI.NS,7.14166740458161e-15
2025-02-01,max_sharpe,MARUTI.NS,10.151098630995941
2025-03-03,max_sharpe,MARUTI.NS,9.733971935936367e-15
2025-04-01,max_sharpe,MARUTI.NS,3.96692685698573e-14
2025-05-02,max_sharpe,MARUTI.NS,8.047246969173879e-14
2025-06-02,max_sharpe,MARUTI.NS,-2.3169302025211707e-14
2025-07-01,max_sharpe,MARUTI.NS,-1.7013615819408388e-13
2025-08-01,max_sharpe,MARUTI.NS,3.266118127617103e-14
2025-09-01,max_sharpe,MARUTI.NS,21.707329557064956
2025-10-01,max_sharpe,MARUTI.NS,25.000000000000007
2025-11-03,max_sharpe,MARUTI.NS,25.000000000000007
2025-12-01,max_sharpe,MARUTI.NS,25.00000000000001
2026-01-01,max_sharpe,MARUTI.NS,24.99999999999997
2026-02-02,max_sharpe,MARUTI.NS,8.587119131173111
2026-03-02,max_sharpe,MARUTI.NS,5.810269793955418e-14
2026-04-01,max_sharpe,MARUTI.NS,-9.524044715894707e-15
2026-05-04,max_sharpe,MARUTI.NS,2.4217659265951866e-14
2026-06-01,max_sharpe,MARUTI.NS,2.765644776594138e-14
2024-08-01,max_sharpe,TECHM.NS,-1.0621254507372964e-15
2024-09-02,max_sharpe,TECHM.NS,2.4691223354544273e-14
2024-10-01,max_sharpe,TECHM.NS,9.789003538829863e-15
2024-11-01,max_sharpe,TECHM.NS,5.62983174929608e-15
2024-12-02,max_sharpe,TECHM.NS,4.6281098312314315
2025-01-01,max_sharpe,TECHM.NS,2.662107512869153
2025-02-01,max_sharpe,TECHM.NS,2.702600367976473
2025-03-03,max_sharpe,TECHM.NS,1.7101076965654998
2025-04-01,max_sharpe,TECHM.NS,-6.45889440849241e-15
2025-05-02,max_sharpe,TECHM.NS,1.3864881580499502
2025-06-02,max_sharpe,TECHM.NS,1.9017767225027788e-14
2025-07-01,max_sharpe,TECHM.NS,0.45098442284847334
2025-08-01,max_sharpe,TECHM.NS,-2.6659042543533414e-14
2025-09-01,max_sharpe,TECHM.NS,-5.3455090715008953e-14
2025-10-01,max_sharpe,TECHM.NS,-4.1149776268753257e-14
2025-11-03,max_sharpe,TECHM.NS,-1.7113143150214876e-15
2025-12-01,max_sharpe,TECHM.NS,-4.36452867154261e-14
2026-01-01,max_sharpe,TECHM.NS,-2.259026568850497e-14
2026-02-02,max_sharpe,TECHM.NS,8.079486667791626e-14
2026-03-02,max_sharpe,TECHM.NS,3.840658069142191e-14
2026-04-01,max_sharpe,TECHM.NS,2.2100308501182313e-14
2026-05-04,max_sharpe,TECHM.NS,-2.7665547703227792e-14
2026-06-01,max_sharpe,TECHM.NS,-1.429347067973646e-13
2024-08-01,max_sharpe,LT.NS,2.2820261002134328
2024-09-02,max_sharpe,LT.NS,-1.8472847776211828e-14
2024-10-01,max_sharpe,LT.NS,1.022919865686649e-14
2024-11-01,max_sharpe,LT.NS,1.381254656149011e-14
2024-12-02,max_sharpe,LT.NS,-1.1038664319236315e-14
2025-01-01,max_sharpe,LT.NS,2.158793809080541e-14
2025-02-01,max_sharpe,LT.NS,2.6448906071033588e-14
2025-03-03,max_sharpe,LT.NS,1.3189514446201561e-14
2025-04-01,max_sharpe,LT.NS,9.307231307797232e-15
2025-05-02,max_sharpe,LT.NS,1.3100241798447002e-14
2025-06-02,max_sharpe,LT.NS,1.1643608761224109e-14
2025-07-01,max_sharpe,LT.NS,7.708181600009402e-14
2025-08-01,max_sharpe,LT.NS,5.5094531559554565e-14
2025-09-01,max_sharpe,LT.NS,-1.9099950290651725e-14
2025-10-01,max_sharpe,LT.NS,-4.052223214295197e-14
2025-11-03,max_sharpe,LT.NS,3.9342431162296654
2025-12-01,max_sharpe,LT.NS,-2.5343040387986356e-14
2026-01-01,max_sharpe,LT.NS,9.222022378363014e-15
2026-02-02,max_sharpe,LT.NS,-5.392576343132497e-15
2026-03-02,max_sharpe,LT.NS,-3.492493301347837e-14
2026-04-01,max_sharpe,LT.NS,-5.183671285766057e-14
2026-05-04,max_sharpe,LT.NS,-3.324399801536198e-14
2026-06-01,max_sharpe,LT.NS,-5.735330982774649e-14
2024-08-01,max_sharpe,ONGC.NS,8.861343518204126
2024-09-02,max_sharpe,ONGC.NS,3.0230749211259855
2024-10-01,max_sharpe,ONGC.NS,-1.5001495473945958e-14
2024-11-01,max_sharpe,ONGC.NS,8.061587759485903e-15
2024-12-02,max_sharpe,ONGC.NS,8.036180899843772e-18
2025-01-01,max_sharpe,ONGC.NS,4.6124640957096576e-14
2025-02-01,max_sharpe,ONGC.NS,1.7043507865014e-14
2025-03-03,max_sharpe,ONGC.NS,1.2842687559190223e-14
2025-04-01,max_sharpe,ONGC.NS,2.7308013727542094e-14
2025-05-02,max_sharpe,ONGC.NS,-2.2434511866415772e-14
2025-06-02,max_sharpe,ONGC.NS,3.338958163915407e-14
2025-07-01,max_sharpe,ONGC.NS,6.178188388745759e-14
2025-08-01,max_sharpe,ONGC.NS,6.180956191775978e-14
2025-09-01,max_sharpe,ONGC.NS,-3.996044691522077e-14
2025-10-01,max_sharpe,ONGC.NS,-8.159314612789792e-14
2025-11-03,max_sharpe,ONGC.NS,-2.7462652206622884e-14
2025-12-01,max_sharpe,ONGC.NS,-4.702667776916594e-14
2026-01-01,max_sharpe,ONGC.NS,-3.2616258875415715e-15
2026-02-02,max_sharpe,ONGC.NS,-5.147962889500842e-14
2026-03-02,max_sharpe,ONGC.NS,-3.570468039452424e-14
2026-04-01,max_sharpe,ONGC.NS,8.83319779736755
2026-05-04,max_sharpe,ONGC.NS,7.286727187763067
2026-06-01,max_sharpe,ONGC.NS,3.540340233474615
2024-08-01,max_sharpe,GOLDBEES.NS,6.020772093187058
2024-09-02,max_sharpe,GOLDBEES.NS,11.499698165719941
2024-10-01,max_sharpe,GOLDBEES.NS,18.76733093749719
2024-11-01,max_sharpe,GOLDBEES.NS,23.073606862674204
2024-12-02,max_sharpe,GOLDBEES.NS,16.44011474496519
2025-01-01,max_sharpe,GOLDBEES.NS,16.273161927940137
2025-02-01,max_sharpe,GOLDBEES.NS,25.00000000000001
2025-03-03,max_sharpe,GOLDBEES.NS,25.00000000000001
2025-04-01,max_sharpe,GOLDBEES.NS,24.999999999999986
2025-05-02,max_sharpe,GOLDBEES.NS,25.000000000000018
2025-06-02,max_sharpe,GOLDBEES.NS,25.0
2025-07-01,max_sharpe,GOLDBEES.NS,24.99999999999993
2025-08-01,max_sharpe,GOLDBEES.NS,24.999999999999968
2025-09-01,max_sharpe,GOLDBEES.NS,24.999999999999993
2025-10-01,max_sharpe,GOLDBEES.NS,24.999999999999932
2025-11-03,max_sharpe,GOLDBEES.NS,24.999999999999964
2025-12-01,max_sharpe,GOLDBEES.NS,25.000000000000007
2026-01-01,max_sharpe,GOLDBEES.NS,25.0
2026-02-02,max_sharpe,GOLDBEES.NS,25.00000000000002
2026-03-02,max_sharpe,GOLDBEES.NS,24.99999999999999
2026-04-01,max_sharpe,GOLDBEES.NS,24.99999999999999
2026-05-04,max_sharpe,GOLDBEES.NS,25.00000000000003
2026-06-01,max_sharpe,GOLDBEES.NS,25.00000000000005
2024-08-01,max_sharpe,INDIGO.NS,3.697123089559504
2024-09-02,max_sharpe,INDIGO.NS,13.09158467979284
2024-10-01,max_sharpe,INDIGO.NS,15.487025419784148
2024-11-01,max_sharpe,INDIGO.NS,7.54042415477711
2024-12-02,max_sharpe,INDIGO.NS,10.215361790758895
2025-01-01,max_sharpe,INDIGO.NS,12.43421559330488
2025-02-01,max_sharpe,INDIGO.NS,11.684781246138561
2025-03-03,max_sharpe,INDIGO.NS,21.183958995039514
2025-04-01,max_sharpe,INDIGO.NS,18.939212827217677
2025-05-02,max_sharpe,INDIGO.NS,9.974935897764812
2025-06-02,max_sharpe,INDIGO.NS,2.2402127589252188
2025-07-01,max_sharpe,INDIGO.NS,17.021913796968352
2025-08-01,max_sharpe,INDIGO.NS,20.208922119609028
2025-09-01,max_sharpe,INDIGO.NS,9.134222730999292
2025-10-01,max_sharpe,INDIGO.NS,10.691468194042056
2025-11-03,max_sharpe,INDIGO.NS,10.319869635818185
2025-12-01,max_sharpe,INDIGO.NS,12.830772973027676
2026-01-01,max_sharpe,INDIGO.NS,4.606731873967715e-16
2026-02-02,max_sharpe,INDIGO.NS,7.987301480863446e-14
2026-03-02,max_sharpe,INDIGO.NS,-4.673902394745113e-14
2026-04-01,max_sharpe,INDIGO.NS,-2.900733456322949e-14
2026-05-04,max_sharpe,INDIGO.NS,-7.881962484957957e-14
2026-06-01,max_sharpe,INDIGO.NS,-3.490966407944489e-14
2024-08-01,max_sharpe,PERSISTENT.NS,12.630347673983469
2024-09-02,max_sharpe,PERSISTENT.NS,14.615859471727935
2024-10-01,max_sharpe,PERSISTENT.NS,13.706622734132104
2024-11-01,max_sharpe,PERSISTENT.NS,10.945446836083592
2024-12-02,max_sharpe,PERSISTENT.NS,13.421990726035398
2025-01-01,max_sharpe,PERSISTENT.NS,16.300273928743554
2025-02-01,max_sharpe,PERSISTENT.NS,5.438723541577709
2025-03-03,max_sharpe,PERSISTENT.NS,4.957469524966275
2025-04-01,max_sharpe,PERSISTENT.NS,4.973464114461457
2025-05-02,max_sharpe,PERSISTENT.NS,10.740524645744651
2025-06-02,max_sharpe,PERSISTENT.NS,12.45312123309253
2025-07-01,max_sharpe,PERSISTENT.NS,13.880797780574653
2025-08-01,max_sharpe,PERSISTENT.NS,-7.129064971239455e-15
2025-09-01,max_sharpe,PERSISTENT.NS,2.162470890692286
2025-10-01,max_sharpe,PERSISTENT.NS,-2.8062255812177586e-14
2025-11-03,max_sharpe,PERSISTENT.NS,1.9274370863708118e-14
2025-12-01,max_sharpe,PERSISTENT.NS,-7.232390498930532e-15
2026-01-01,max_sharpe,PERSISTENT.NS,-3.4292484555709857e-16
2026-02-02,max_sharpe,PERSISTENT.NS,1.538449833824862e-14
2026-03-02,max_sharpe,PERSISTENT.NS,1.0910611946175783e-14
2026-04-01,max_sharpe,PERSISTENT.NS,4.891781257844123e-15
2026-05-04,max_sharpe,PERSISTENT.NS,-3.514651320438638e-14
2026-06-01,max_sharpe,PERSISTENT.NS,-1.148229849489064e-13
2024-08-01,max_sharpe,FEDERALBNK.NS,-8.81270925583712e-15
2024-09-02,max_sharpe,FEDERALBNK.NS,8.273869554909051e-16
2024-10-01,max_sharpe,FEDERALBNK.NS,1.8775125332222834e-15
2024-11-01,max_sharpe,FEDERALBNK.NS,1.4759213198882117
2024-12-02,max_sharpe,FEDERALBNK.NS,2.634968261765242
2025-01-01,max_sharpe,FEDERALBNK.NS,0.3397576407954853
2025-02-01,max_sharpe,FEDERALBNK.NS,4.827328419410888
2025-03-03,max_sharpe,FEDERALBNK.NS,3.026144330607436
2025-04-01,max_sharpe,FEDERALBNK.NS,6.907596075031627
2025-05-02,max_sharpe,FEDERALBNK.NS,-1.7574536557211653e-14
2025-06-02,max_sharpe,FEDERALBNK.NS,5.625311175796142
2025-07-01,max_sharpe,FEDERALBNK.NS,6.566068805997596
2025-08-01,max_sharpe,FEDERALBNK.NS,1.0939109824389795e-13
2025-09-01,max_sharpe,FEDERALBNK.NS,3.740649421904432e-14
2025-10-01,max_sharpe,FEDERALBNK.NS,-8.667054944765563e-15
2025-11-03,max_sharpe,FEDERALBNK.NS,13.42074890675174
2025-12-01,max_sharpe,FEDERALBNK.NS,8.209369443760265
2026-01-01,max_sharpe,FEDERALBNK.NS,15.152048536840127
2026-02-02,max_sharpe,FEDERALBNK.NS,17.600956845707152
2026-03-02,max_sharpe,FEDERALBNK.NS,17.77284563567726
2026-04-01,max_sharpe,FEDERALBNK.NS,16.83358924843708
2026-05-04,max_sharpe,FEDERALBNK.NS,20.03336370863676
2026-06-01,max_sharpe,FEDERALBNK.NS,24.999999999999982
2024-08-01,max_sharpe,LUPIN.NS,17.905693894330575
2024-09-02,max_sharpe,LUPIN.NS,15.27640696069676
2024-10-01,max_sharpe,LUPIN.NS,10.652748554290651
2024-11-01,max_sharpe,LUPIN.NS,10.654265710245891
2024-12-02,max_sharpe,LUPIN.NS,12.861122066055986
2025-01-01,max_sharpe,LUPIN.NS,23.20506925621838
2025-02-01,max_sharpe,LUPIN.NS,11.59323175460506
2025-03-03,max_sharpe,LUPIN.NS,10.877432953210842
2025-04-01,max_sharpe,LUPIN.NS,6.481745720877084
2025-05-02,max_sharpe,LUPIN.NS,6.134497833914553
2025-06-02,max_sharpe,LUPIN.NS,4.703566904771261
2025-07-01,max_sharpe,LUPIN.NS,7.889854753129649
2025-08-01,max_sharpe,LUPIN.NS,-7.207744479495162e-14
2025-09-01,max_sharpe,LUPIN.NS,-1.150473149797963e-14
2025-10-01,max_sharpe,LUPIN.NS,-1.7087585088844392e-14
2025-11-03,max_sharpe,LUPIN.NS,-3.527711297342273e-14
2025-12-01,max_sharpe,LUPIN.NS,1.01949315722206e-14
2026-01-01,max_sharpe,LUPIN.NS,-3.5395977662849895e-15
2026-02-02,max_sharpe,LUPIN.NS,-2.7419368892855585e-14
2026-03-02,max_sharpe,LUPIN.NS,-3.584497071160739e-14
2026-04-01,max_sharpe,LUPIN.NS,-4.5936145947358334e-15
2026-05-04,max_sharpe,LUPIN.NS,-3.857626629982983e-15
2026-06-01,max_sharpe,LUPIN.NS,2.114286827879445e-14
2024-08-01,max_sharpe,MARICO.NS,5.768030630265368
2024-09-02,max_sharpe,MARICO.NS,-1.0228882083450511e-14
2024-10-01,max_sharpe,MARICO.NS,1.7382355113240822
2024-11-01,max_sharpe,MARICO.NS,2.989926646781628
2024-12-02,max_sharpe,MARICO.NS,3.9954104877656738
2025-01-01,max_sharpe,MARICO.NS,3.8846468879650793
2025-02-01,max_sharpe,MARICO.NS,12.968625598928485
2025-03-03,max_sharpe,MARICO.NS,9.26387197652935
2025-04-01,max_sharpe,MARICO.NS,17.40455364451179
2025-05-02,max_sharpe,MARICO.NS,18.148330322725016
2025-06-02,max_sharpe,MARICO.NS,9.769521412987299
2025-07-01,max_sharpe,MARICO.NS,9.216944100210043
2025-08-01,max_sharpe,MARICO.NS,4.791077880390717
2025-09-01,max_sharpe,MARICO.NS,5.094790402520253
2025-10-01,max_sharpe,MARICO.NS,4.8590429996510425
2025-11-03,max_sharpe,MARICO.NS,5.854042958559277
2025-12-01,max_sharpe,MARICO.NS,11.11092470438646
2026-01-01,max_sharpe,MARICO.NS,10.918654913330936
2026-02-02,max_sharpe,MARICO.NS,-1.5994080830287027e-14
2026-03-02,max_sharpe,MARICO.NS,4.634499763547255
2026-04-01,max_sharpe,MARICO.NS,4.0978180635139
2026-05-04,max_sharpe,MARICO.NS,2.5150347273957147e-15
2026-06-01,max_sharpe,MARICO.NS,4.846519184988865
2024-08-01,max_sharpe,AUROPHARMA.NS,7.940301553328845
2024-09-02,max_sharpe,AUROPHARMA.NS,8.705381023598246
2024-10-01,max_sharpe,AUROPHARMA.NS,4.0309701258194535
2024-11-01,max_sharpe,AUROPHARMA.NS,4.268091722536249
2024-12-02,max_sharpe,AUROPHARMA.NS,1.304964371376365e-14
2025-01-01,max_sharpe,AUROPHARMA.NS,-6.735582490308733e-14
2025-02-01,max_sharpe,AUROPHARMA.NS,2.1195828291301228e-14
2025-03-03,max_sharpe,AUROPHARMA.NS,-2.8869968242641283e-14
2025-04-01,max_sharpe,AUROPHARMA.NS,-3.2259702340750963e-15
2025-05-02,max_sharpe,AUROPHARMA.NS,-2.842955837965039e-14
2025-06-02,max_sharpe,AUROPHARMA.NS,1.6556913166372612e-14
2025-07-01,max_sharpe,AUROPHARMA.NS,-2.6609241941836276e-14
2025-08-01,max_sharpe,AUROPHARMA.NS,-9.992878173291076e-14
2025-09-01,max_sharpe,AUROPHARMA.NS,-3.138342572694218e-14
2025-10-01,max_sharpe,AUROPHARMA.NS,-5.2295965347093184e-15
2025-11-03,max_sharpe,AUROPHARMA.NS,-6.17243910124798e-14
2025-12-01,max_sharpe,AUROPHARMA.NS,3.65035193100632e-14
2026-01-01,max_sharpe,AUROPHARMA.NS,-1.1866621517192667e-14
2026-02-02,max_sharpe,AUROPHARMA.NS,-6.892433200572316e-14
2026-03-02,max_sharpe,AUROPHARMA.NS,-1.2449446814450365e-14
2026-04-01,max_sharpe,AUROPHARMA.NS,-4.974446260799747e-14
2026-05-04,max_sharpe,AUROPHARMA.NS,-1.8393318158119434e-14
2026-06-01,max_sharpe,AUROPHARMA.NS,5.63225018389711
2024-08-01,max_sharpe,BHARATFORG.NS,5.099521097556802
2024-09-02,max_sharpe,BHARATFORG.NS,4.3327553842706285e-15
2024-10-01,max_sharpe,BHARATFORG.NS,1.1299580441072514e-14
2024-11-01,max_sharpe,BHARATFORG.NS,-9.664969216430748e-16
2024-12-02,max_sharpe,BHARATFORG.NS,2.457094713773068e-14
2025-01-01,max_sharpe,BHARATFORG.NS,-1.6208274181249198e-13
2025-02-01,max_sharpe,BHARATFORG.NS,2.1632206316009622e-14
2025-03-03,max_sharpe,BHARATFORG.NS,-7.236737127377334e-15
2025-04-01,max_sharpe,BHARATFORG.NS,4.8095008494757234e-15
2025-05-02,max_sharpe,BHARATFORG.NS,2.928301126324487e-14
2025-06-02,max_sharpe,BHARATFORG.NS,3.226734373056035e-14
2025-07-01,max_sharpe,BHARATFORG.NS,-4.211848499855962e-14
2025-08-01,max_sharpe,BHARATFORG.NS,1.0351354281605814e-13
2025-09-01,max_sharpe,BHARATFORG.NS,-6.169320542492765e-14
2025-10-01,max_sharpe,BHARATFORG.NS,-3.8756420618668656e-14
2025-11-03,max_sharpe,BHARATFORG.NS,-7.579008147418667e-15
2025-12-01,max_sharpe,BHARATFORG.NS,-1.1057966813003328e-14
2026-01-01,max_sharpe,BHARATFORG.NS,-2.0546360646544046e-14
2026-02-02,max_sharpe,BHARATFORG.NS,5.450498042983178e-14
2026-03-02,max_sharpe,BHARATFORG.NS,6.9114485830303884
2026-04-01,max_sharpe,BHARATFORG.NS,-1.058834697194138e-14
2026-05-04,max_sharpe,BHARATFORG.NS,25.00000000000004
2026-06-01,max_sharpe,BHARATFORG.NS,25.0
2024-08-01,max_sharpe,HEROMOTOCO.NS,13.85216126873256
2024-09-02,max_sharpe,HEROMOTOCO.NS,17.632428087953457
2024-10-01,max_sharpe,HEROMOTOCO.NS,15.928928047261348
2024-11-01,max_sharpe,HEROMOTOCO.NS,10.145655598705948
2024-12-02,max_sharpe,HEROMOTOCO.NS,5.432837948278606
2025-01-01,max_sharpe,HEROMOTOCO.NS,-5.2909219203548366e-14
2025-02-01,max_sharpe,HEROMOTOCO.NS,3.4544522979144925e-14
2025-03-03,max_sharpe,HEROMOTOCO.NS,-5.129577452800383e-15
2025-04-01,max_sharpe,HEROMOTOCO.NS,-1.6080387995301506e-14
2025-05-02,max_sharpe,HEROMOTOCO.NS,-3.1290260606314226e-16
2025-06-02,max_sharpe,HEROMOTOCO.NS,-5.086745167873479e-15
2025-07-01,max_sharpe,HEROMOTOCO.NS,-4.327599900750352e-14
2025-08-01,max_sharpe,HEROMOTOCO.NS,-1.6698318353575382e-14
2025-09-01,max_sharpe,HEROMOTOCO.NS,-9.266051055560467e-14
2025-10-01,max_sharpe,HEROMOTOCO.NS,-3.416931238420415e-15
2025-11-03,max_sharpe,HEROMOTOCO.NS,2.1477690572354262e-14
2025-12-01,max_sharpe,HEROMOTOCO.NS,2.699370805055923
2026-01-01,max_sharpe,HEROMOTOCO.NS,2.7130486237949327
2026-02-02,max_sharpe,HEROMOTOCO.NS,12.260342206475963
2026-03-02,max_sharpe,HEROMOTOCO.NS,10.328937582927715
2026-04-01,max_sharpe,HEROMOTOCO.NS,18.845780045213726
2026-05-04,max_sharpe,HEROMOTOCO.NS,1.2305511917488112
2026-06-01,max_sharpe,HEROMOTOCO.NS,-5.535050964617701e-14
2024-08-01,risk_parity,RELIANCE.NS,3.122703944842039
2024-09-02,risk_parity,RELIANCE.NS,3.1328630975475273
2024-10-01,risk_parity,RELIANCE.NS,3.093402767762141
2024-11-01,risk_parity,RELIANCE.NS,3.05631746682992
2024-12-02,risk_parity,RELIANCE.NS,3.076313349961074
2025-01-01,risk_parity,RELIANCE.NS,3.0063743782599124
2025-02-01,risk_parity,RELIANCE.NS,3.019779035881502
2025-03-03,risk_parity,RELIANCE.NS,3.1815831583453162
2025-04-01,risk_parity,RELIANCE.NS,3.168768342946947
2025-05-02,risk_parity,RELIANCE.NS,3.029614639219248
2025-06-02,risk_parity,RELIANCE.NS,2.963729541134151
2025-07-01,risk_parity,RELIANCE.NS,3.0889992702473106
2025-08-01,risk_parity,RELIANCE.NS,3.04475739770478
2025-09-01,risk_parity,RELIANCE.NS,3.054314943145504
2025-10-01,risk_parity,RELIANCE.NS,3.1318912388909097
2025-11-03,risk_parity,RELIANCE.NS,3.208523357928262
2025-12-01,risk_parity,RELIANCE.NS,3.2099221291407147
2026-01-01,risk_parity,RELIANCE.NS,3.319015898311115
2026-02-02,risk_parity,RELIANCE.NS,3.52783617966673
2026-03-02,risk_parity,RELIANCE.NS,3.48871648587648
2026-04-01,risk_parity,RELIANCE.NS,3.9310553007993576
2026-05-04,risk_parity,RELIANCE.NS,4.105182381122238
2026-06-01,risk_parity,RELIANCE.NS,4.347345674439721
2024-08-01,risk_parity,TCS.NS,4.4445786045790925
2024-09-02,risk_parity,TCS.NS,4.315560419953623
2024-10-01,risk_parity,TCS.NS,4.283021683479168
2024-11-01,risk_parity,TCS.NS,4.322748245892035
2024-12-02,risk_parity,TCS.NS,4.321926348047868
2025-01-01,risk_parity,TCS.NS,4.247384932476677
2025-02-01,risk_parity,TCS.NS,4.397457645266605
2025-03-03,risk_parity,TCS.NS,4.3044579166419865
2025-04-01,risk_parity,TCS.NS,4.353210552080776
2025-05-02,risk_parity,TCS.NS,4.525743794005787
2025-06-02,risk_parity,TCS.NS,4.2242751162761
2025-07-01,risk_parity,TCS.NS,3.8832167272591573
2025-08-01,risk_parity,TCS.NS,3.989149627422778
2025-09-01,risk_parity,TCS.NS,4.030376264299336
2025-10-01,risk_parity,TCS.NS,3.8921155930885956
2025-11-03,risk_parity,TCS.NS,3.7269861264228625
2025-12-01,risk_parity,TCS.NS,3.705565316855359
2026-01-01,risk_parity,TCS.NS,3.8534580449751785
2026-02-02,risk_parity,TCS.NS,3.826569912751212
2026-03-02,risk_parity,TCS.NS,3.7235794910072095
2026-04-01,risk_parity,TCS.NS,4.090511272533401
2026-05-04,risk_parity,TCS.NS,3.72247727303199
2026-06-01,risk_parity,TCS.NS,3.730399591270059
2024-08-01,risk_parity,INFY.NS,3.6872990756536543
2024-09-02,risk_parity,INFY.NS,3.764465264902194
2024-10-01,risk_parity,INFY.NS,3.6479259349040984
2024-11-01,risk_parity,INFY.NS,3.7423458786149846
2024-12-02,risk_parity,INFY.NS,3.8619624115696536
2025-01-01,risk_parity,INFY.NS,3.9784607900582016
2025-02-01,risk_parity,INFY.NS,4.13582401180335
2025-03-03,risk_parity,INFY.NS,4.024613974282105
2025-04-01,risk_parity,INFY.NS,3.907262795790608
2025-05-02,risk_parity,INFY.NS,3.7742966611280684
2025-06-02,risk_parity,INFY.NS,3.424073973264942
2025-07-01,risk_parity,INFY.NS,3.3007927529388255
2025-08-01,risk_parity,INFY.NS,3.2351418765654962
2025-09-01,risk_parity,INFY.NS,3.2803725268635437
2025-10-01,risk_parity,INFY.NS,3.238666866698623
2025-11-03,risk_parity,INFY.NS,3.166106029671336
2025-12-01,risk_parity,INFY.NS,2.9818997641395497
2026-01-01,risk_parity,INFY.NS,2.9563390147940107
2026-02-02,risk_parity,INFY.NS,3.012911954977387
2026-03-02,risk_parity,INFY.NS,3.083893118731744
2026-04-01,risk_parity,INFY.NS,3.5230363103099425
2026-05-04,risk_parity,INFY.NS,3.5261973671887388
2026-06-01,risk_parity,INFY.NS,3.833348339638428
2024-08-01,risk_parity,HDFCBANK.NS,4.040095878304905
2024-09-02,risk_parity,HDFCBANK.NS,4.041915679108092
2024-10-01,risk_parity,HDFCBANK.NS,4.174761816916372
2024-11-01,risk_parity,HDFCBANK.NS,4.110373140059196
2024-12-02,risk_parity,HDFCBANK.NS,4.192937600357152
2025-01-01,risk_parity,HDFCBANK.NS,4.1736919793470095
2025-02-01,risk_parity,HDFCBANK.NS,4.476361275272776
2025-03-03,risk_parity,HDFCBANK.NS,4.675071398376911
2025-04-01,risk_parity,HDFCBANK.NS,4.492726962644563
2025-05-02,risk_parity,HDFCBANK.NS,4.502235865131598
2025-06-02,risk_parity,HDFCBANK.NS,4.339804371741826
2025-07-01,risk_parity,HDFCBANK.NS,4.684471539009541
2025-08-01,risk_parity,HDFCBANK.NS,4.42708479026238
2025-09-01,risk_parity,HDFCBANK.NS,4.476133883258067
2025-10-01,risk_parity,HDFCBANK.NS,4.503564157388794
2025-11-03,risk_parity,HDFCBANK.NS,4.62538244499301
2025-12-01,risk_parity,HDFCBANK.NS,4.680888309052094
2026-01-01,risk_parity,HDFCBANK.NS,4.8663926381247835
2026-02-02,risk_parity,HDFCBANK.NS,5.333974631015263
2026-03-02,risk_parity,HDFCBANK.NS,5.227284458437158
2026-04-01,risk_parity,HDFCBANK.NS,3.945101183354041
2026-05-04,risk_parity,HDFCBANK.NS,3.6853055098747505
2026-06-01,risk_parity,HDFCBANK.NS,3.522845612529805
2024-08-01,risk_parity,ICICIBANK.NS,4.32725232637474
2024-09-02,risk_parity,ICICIBANK.NS,4.3201772849150535
2024-10-01,risk_parity,ICICIBANK.NS,4.1460766175386015
2024-11-01,risk_parity,ICICIBANK.NS,4.273938555598863
2024-12-02,risk_parity,ICICIBANK.NS,4.286209396140967
2025-01-01,risk_parity,ICICIBANK.NS,4.382356323108594
2025-02-01,risk_parity,ICICIBANK.NS,4.197065443595027
2025-03-03,risk_parity,ICICIBANK.NS,4.368745167397032
2025-04-01,risk_parity,ICICIBANK.NS,4.136188966941757
2025-05-02,risk_parity,ICICIBANK.NS,4.147702078066178
2025-06-02,risk_parity,ICICIBANK.NS,4.003259688660742
2025-07-01,risk_parity,ICICIBANK.NS,4.4192557178713106
2025-08-01,risk_parity,ICICIBANK.NS,4.361328462092244
2025-09-01,risk_parity,ICICIBANK.NS,4.451963330507543
2025-10-01,risk_parity,ICICIBANK.NS,4.548461884285258
2025-11-03,risk_parity,ICICIBANK.NS,4.544202486924247
2025-12-01,risk_parity,ICICIBANK.NS,4.5638517835548305
2026-01-01,risk_parity,ICICIBANK.NS,4.640591413291312
2026-02-02,risk_parity,ICICIBANK.NS,4.948235004308297
2026-03-02,risk_parity,ICICIBANK.NS,4.507677219140845
2026-04-01,risk_parity,ICICIBANK.NS,4.4868424692193685
2026-05-04,risk_parity,ICICIBANK.NS,4.505975724921924
2026-06-01,risk_parity,ICICIBANK.NS,4.607282408662862
2024-08-01,risk_parity,SBIN.NS,2.8440081374957935
2024-09-02,risk_parity,SBIN.NS,2.6899137599303313
2024-10-01,risk_parity,SBIN.NS,2.657284128826556
2024-11-01,risk_parity,SBIN.NS,2.6905434859672632
2024-12-02,risk_parity,SBIN.NS,2.689048638460955
2025-01-01,risk_parity,SBIN.NS,2.7352088582649077
2025-02-01,risk_parity,SBIN.NS,2.8233195507461786
2025-03-03,risk_parity,SBIN.NS,2.775129171078993
2025-04-01,risk_parity,SBIN.NS,2.7619229099958007
2025-05-02,risk_parity,SBIN.NS,2.8302587539028234
2025-06-02,risk_parity,SBIN.NS,2.872566174137382
2025-07-01,risk_parity,SBIN.NS,3.2920631658138197
2025-08-01,risk_parity,SBIN.NS,3.3337640405983264
2025-09-01,risk_parity,SBIN.NS,3.482581759174449
2025-10-01,risk_parity,SBIN.NS,3.648584289015729
2025-11-03,risk_parity,SBIN.NS,3.7247438796913315
2025-12-01,risk_parity,SBIN.NS,4.008773784814466
2026-01-01,risk_parity,SBIN.NS,4.088383488225326
2026-02-02,risk_parity,SBIN.NS,4.062914171742299
2026-03-02,risk_parity,SBIN.NS,3.9593842807324293
2026-04-01,risk_parity,SBIN.NS,3.6819058536709304
2026-05-04,risk_parity,SBIN.NS,3.830751358181043
2026-06-01,risk_parity,SBIN.NS,3.619541904934842
2024-08-01,risk_parity,ITC.NS,4.143120688057024
2024-09-02,risk_parity,ITC.NS,4.351109013630579
2024-10-01,risk_parity,ITC.NS,4.302070333651066
2024-11-01,risk_parity,ITC.NS,4.6194738368910695
2024-12-02,risk_parity,ITC.NS,4.50993489157341
2025-01-01,risk_parity,ITC.NS,4.559783798444549
2025-02-01,risk_parity,ITC.NS,4.432326295045649
2025-03-03,risk_parity,ITC.NS,4.421160951537296
2025-04-01,risk_parity,ITC.NS,4.379583371750679
2025-05-02,risk_parity,ITC.NS,4.773515685997498
2025-06-02,risk_parity,ITC.NS,4.765634078128289
2025-07-01,risk_parity,ITC.NS,4.876260974244248
2025-08-01,risk_parity,ITC.NS,5.114610997755758
2025-09-01,risk_parity,ITC.NS,5.317572619644378
2025-10-01,risk_parity,ITC.NS,5.431889018785052
2025-11-03,risk_parity,ITC.NS,5.297184825902288
2025-12-01,risk_parity,ITC.NS,5.559876312291731
2026-01-01,risk_parity,ITC.NS,5.365965382192335
2026-02-02,risk_parity,ITC.NS,6.006808833638173
2026-03-02,risk_parity,ITC.NS,6.445445404438514
2026-04-01,risk_parity,ITC.NS,6.0142733580042815
2026-05-04,risk_parity,ITC.NS,5.392277047933837
2026-06-01,risk_parity,ITC.NS,5.288503672180097
2024-08-01,risk_parity,HINDUNILVR.NS,5.135922227731263
2024-09-02,risk_parity,HINDUNILVR.NS,5.639443894371996
2024-10-01,risk_parity,HINDUNILVR.NS,5.539143629965514
2024-11-01,risk_parity,HINDUNILVR.NS,5.243573492516368
2024-12-02,risk_parity,HINDUNILVR.NS,5.153949336413931
2025-01-01,risk_parity,HINDUNILVR.NS,5.032031713243282
2025-02-01,risk_parity,HINDUNILVR.NS,5.781943847566931
2025-03-03,risk_parity,HINDUNILVR.NS,5.639009783992989
2025-04-01,risk_parity,HINDUNILVR.NS,5.551512461203626
2025-05-02,risk_parity,HINDUNILVR.NS,6.021518760240084
2025-06-02,risk_parity,HINDUNILVR.NS,5.688410652082352
2025-07-01,risk_parity,HINDUNILVR.NS,5.22521161567276
2025-08-01,risk_parity,HINDUNILVR.NS,5.627241736527278
2025-09-01,risk_parity,HINDUNILVR.NS,5.249247559264527
2025-10-01,risk_parity,HINDUNILVR.NS,5.465737837706844
2025-11-03,risk_parity,HINDUNILVR.NS,5.6479400526519985
2025-12-01,risk_parity,HINDUNILVR.NS,5.8082725845505365
2026-01-01,risk_parity,HINDUNILVR.NS,6.195605111018705
2026-02-02,risk_parity,HINDUNILVR.NS,6.102276459120682
2026-03-02,risk_parity,HINDUNILVR.NS,5.855329963700939
2026-04-01,risk_parity,HINDUNILVR.NS,5.931709517774211
2026-05-04,risk_parity,HINDUNILVR.NS,5.062251348554221
2026-06-01,risk_parity,HINDUNILVR.NS,5.063835568757892
2024-08-01,risk_parity,NESTLEIND.NS,5.272687940613534
2024-09-02,risk_parity,NESTLEIND.NS,5.37702539341078
2024-10-01,risk_parity,NESTLEIND.NS,5.303887490513316
2024-11-01,risk_parity,NESTLEIND.NS,4.881830018659008
2024-12-02,risk_parity,NESTLEIND.NS,5.03606086080732
2025-01-01,risk_parity,NESTLEIND.NS,4.916739818119381
2025-02-01,risk_parity,NESTLEIND.NS,4.797137498992873
2025-03-03,risk_parity,NESTLEIND.NS,4.927113385335955
2025-04-01,risk_parity,NESTLEIND.NS,4.939496504894829
2025-05-02,risk_parity,NESTLEIND.NS,5.329834199781466
2025-06-02,risk_parity,NESTLEIND.NS,5.160379772018586
2025-07-01,risk_parity,NESTLEIND.NS,4.733430952873361
2025-08-01,risk_parity,NESTLEIND.NS,4.536103491034099
2025-09-01,risk_parity,NESTLEIND.NS,4.146525330983489
2025-10-01,risk_parity,NESTLEIND.NS,4.162545049700524
2025-11-03,risk_parity,NESTLEIND.NS,4.129322458473726
2025-12-01,risk_parity,NESTLEIND.NS,4.076511989911481
2026-01-01,risk_parity,NESTLEIND.NS,3.957982783143158
2026-02-02,risk_parity,NESTLEIND.NS,4.114417047188873
2026-03-02,risk_parity,NESTLEIND.NS,4.434851998332626
2026-04-01,risk_parity,NESTLEIND.NS,4.656968959577593
2026-05-04,risk_parity,NESTLEIND.NS,4.15070437102007
2026-06-01,risk_parity,NESTLEIND.NS,4.1973231076226325
2024-08-01,risk_parity,SUNPHARMA.NS,4.415143586407716
2024-09-02,risk_parity,SUNPHARMA.NS,4.66852573879998
2024-10-01,risk_parity,SUNPHARMA.NS,4.635485236511955
2024-11-01,risk_parity,SUNPHARMA.NS,4.809768523658588
2024-12-02,risk_parity,SUNPHARMA.NS,4.739942969760213
2025-01-01,risk_parity,SUNPHARMA.NS,4.715273035089402
2025-02-01,risk_parity,SUNPHARMA.NS,4.286770948055681
2025-03-03,risk_parity,SUNPHARMA.NS,4.236765163665404
2025-04-01,risk_parity,SUNPHARMA.NS,4.165930668138925
2025-05-02,risk_parity,SUNPHARMA.NS,4.092492776465489
2025-06-02,risk_parity,SUNPHARMA.NS,4.4856133186542815
2025-07-01,risk_parity,SUNPHARMA.NS,4.526760027924453
2025-08-01,risk_parity,SUNPHARMA.NS,4.53133586846261
2025-09-01,risk_parity,SUNPHARMA.NS,4.321944139648445
2025-10-01,risk_parity,SUNPHARMA.NS,4.222464116645813
2025-11-03,risk_parity,SUNPHARMA.NS,4.118008756497099
2025-12-01,risk_parity,SUNPHARMA.NS,3.996712434421595
2026-01-01,risk_parity,SUNPHARMA.NS,4.056680403542447
2026-02-02,risk_parity,SUNPHARMA.NS,4.288008611965187
2026-03-02,risk_parity,SUNPHARMA.NS,4.230283969626683
2026-04-01,risk_parity,SUNPHARMA.NS,5.051160490815778
2026-05-04,risk_parity,SUNPHARMA.NS,5.247374425978242
2026-06-01,risk_parity,SUNPHARMA.NS,4.673284435401953
2024-08-01,risk_parity,DRREDDY.NS,4.413028652735176
2024-09-02,risk_parity,DRREDDY.NS,4.375891666072127
2024-10-01,risk_parity,DRREDDY.NS,4.469923518819428
2024-11-01,risk_parity,DRREDDY.NS,4.657372742782803
2024-12-02,risk_parity,DRREDDY.NS,4.628034222836453
2025-01-01,risk_parity,DRREDDY.NS,4.735154758858042
2025-02-01,risk_parity,DRREDDY.NS,4.797880103816086
2025-03-03,risk_parity,DRREDDY.NS,4.832451194912952
2025-04-01,risk_parity,DRREDDY.NS,4.551167810777441
2025-05-02,risk_parity,DRREDDY.NS,4.372553353079285
2025-06-02,risk_parity,DRREDDY.NS,4.444255098526747
2025-07-01,risk_parity,DRREDDY.NS,4.281454992419598
2025-08-01,risk_parity,DRREDDY.NS,4.2894733530597575
2025-09-01,risk_parity,DRREDDY.NS,4.233223399732333
2025-10-01,risk_parity,DRREDDY.NS,4.102198147420905
2025-11-03,risk_parity,DRREDDY.NS,4.057419442181715
2025-12-01,risk_parity,DRREDDY.NS,3.986665810199818
2026-01-01,risk_parity,DRREDDY.NS,3.791380063984712
2026-02-02,risk_parity,DRREDDY.NS,3.799229778748356
2026-03-02,risk_parity,DRREDDY.NS,3.768860304238665
2026-04-01,risk_parity,DRREDDY.NS,3.954820613959332
2026-05-04,risk_parity,DRREDDY.NS,4.496300259585289
2026-06-01,risk_parity,DRREDDY.NS,4.391155620363059
2024-08-01,risk_parity,TITAN.NS,4.1520677915212865
2024-09-02,risk_parity,TITAN.NS,3.973334300378142
2024-10-01,risk_parity,TITAN.NS,3.9734175089300794
2024-11-01,risk_parity,TITAN.NS,3.9107879859413344
2024-12-02,risk_parity,TITAN.NS,3.939825066324835
2025-01-01,risk_parity,TITAN.NS,3.886133211585866
2025-02-01,risk_parity,TITAN.NS,3.6486973434991214
2025-03-03,risk_parity,TITAN.NS,3.602917749959398
2025-04-01,risk_parity,TITAN.NS,3.5690961915778807
2025-05-02,risk_parity,TITAN.NS,3.613271578744616
2025-06-02,risk_parity,TITAN.NS,3.6740202673163607
2025-07-01,risk_parity,TITAN.NS,3.6116158974112396
2025-08-01,risk_parity,TITAN.NS,3.4897620818508
2025-09-01,risk_parity,TITAN.NS,3.5863681738371564
2025-10-01,risk_parity,TITAN.NS,3.6094814947077962
2025-11-03,risk_parity,TITAN.NS,3.6446400934384138
2025-12-01,risk_parity,TITAN.NS,3.6804574469042004
2026-01-01,risk_parity,TITAN.NS,3.8198678091572402
2026-02-02,risk_parity,TITAN.NS,4.150905565479665
2026-03-02,risk_parity,TITAN.NS,4.250122082472843
2026-04-01,risk_parity,TITAN.NS,4.088193001845185
2026-05-04,risk_parity,TITAN.NS,3.772880864922976
2026-06-01,risk_parity,TITAN.NS,3.392019167887048
2024-08-01,risk_parity,MARUTI.NS,4.333663549250452
2024-09-02,risk_parity,MARUTI.NS,4.007160906341422
2024-10-01,risk_parity,MARUTI.NS,3.9203045752669015
2024-11-01,risk_parity,MARUTI.NS,3.9138496806221257
2024-12-02,risk_parity,MARUTI.NS,3.948118414569441
2025-01-01,risk_parity,MARUTI.NS,3.838073098419085
2025-02-01,risk_parity,MARUTI.NS,3.702276827622881
2025-03-03,risk_parity,MARUTI.NS,3.818120205131937
2025-04-01,risk_parity,MARUTI.NS,3.8604915247555645
2025-05-02,risk_parity,MARUTI.NS,3.946065113682831
2025-06-02,risk_parity,MARUTI.NS,3.7419900539335758
2025-07-01,risk_parity,MARUTI.NS,3.6988813064348154
2025-08-01,risk_parity,MARUTI.NS,3.7291725407768643
2025-09-01,risk_parity,MARUTI.NS,3.8083841490575447
2025-10-01,risk_parity,MARUTI.NS,4.050735403905983
2025-11-03,risk_parity,MARUTI.NS,4.271439245346158
2025-12-01,risk_parity,MARUTI.NS,4.1942027323536575
2026-01-01,risk_parity,MARUTI.NS,4.201214419286462
2026-02-02,risk_parity,MARUTI.NS,4.66952959637887
2026-03-02,risk_parity,MARUTI.NS,4.364307688005691
2026-04-01,risk_parity,MARUTI.NS,3.9240350661162298
2026-05-04,risk_parity,MARUTI.NS,3.5425267644123153
2026-06-01,risk_parity,MARUTI.NS,3.5256195066850555
2024-08-01,risk_parity,TECHM.NS,3.0567053215842277
2024-09-02,risk_parity,TECHM.NS,2.988458448470942
2024-10-01,risk_parity,TECHM.NS,2.949970570876823
2024-11-01,risk_parity,TECHM.NS,3.039423171020622
2024-12-02,risk_parity,TECHM.NS,3.186676975232962
2025-01-01,risk_parity,TECHM.NS,3.2071665095923825
2025-02-01,risk_parity,TECHM.NS,3.3634443340382383
2025-03-03,risk_parity,TECHM.NS,3.2141998791972908
2025-04-01,risk_parity,TECHM.NS,3.267417956059499
2025-05-02,risk_parity,TECHM.NS,3.192572817668302
2025-06-02,risk_parity,TECHM.NS,3.089377538906367
2025-07-01,risk_parity,TECHM.NS,3.0743078503690495
2025-08-01,risk_parity,TECHM.NS,2.9761098151532437
2025-09-01,risk_parity,TECHM.NS,3.015982090986237
2025-10-01,risk_parity,TECHM.NS,2.98709900936872
2025-11-03,risk_parity,TECHM.NS,2.980776065743209
2025-12-01,risk_parity,TECHM.NS,2.855643302219804
2026-01-01,risk_parity,TECHM.NS,2.957447605616509
2026-02-02,risk_parity,TECHM.NS,2.925861515408196
2026-03-02,risk_parity,TECHM.NS,3.0190413250806825
2026-04-01,risk_parity,TECHM.NS,3.4854277494402717
2026-05-04,risk_parity,TECHM.NS,3.789735230449714
2026-06-01,risk_parity,TECHM.NS,3.894125395743681
2024-08-01,risk_parity,LT.NS,2.9810063739052293
2024-09-02,risk_parity,LT.NS,2.834186850230923
2024-10-01,risk_parity,LT.NS,2.844334178956054
2024-11-01,risk_parity,LT.NS,2.7339691157030144
2024-12-02,risk_parity,LT.NS,2.75676714029148
2025-01-01,risk_parity,LT.NS,2.811731037341999
2025-02-01,risk_parity,LT.NS,2.697218358011256
2025-03-03,risk_parity,LT.NS,2.6659072431938324
2025-04-01,risk_parity,LT.NS,2.663949443267765
2025-05-02,risk_parity,LT.NS,2.581807926437488
2025-06-02,risk_parity,LT.NS,2.6475462167011234
2025-07-01,risk_parity,LT.NS,2.75874645784245
2025-08-01,risk_parity,LT.NS,2.6886695487187886
2025-09-01,risk_parity,LT.NS,2.7626116270559233
2025-10-01,risk_parity,LT.NS,2.863896016185363
2025-11-03,risk_parity,LT.NS,3.026211786814805
2025-12-01,risk_parity,LT.NS,2.959189413406494
2026-01-01,risk_parity,LT.NS,3.0046356485996677
2026-02-02,risk_parity,LT.NS,3.063877017705482
2026-03-02,risk_parity,LT.NS,3.2259161028090224
2026-04-01,risk_parity,LT.NS,2.726439804204075
2026-05-04,risk_parity,LT.NS,2.773043563991539
2026-06-01,risk_parity,LT.NS,2.780324688238914
2024-08-01,risk_parity,ONGC.NS,2.1468767034586214
2024-09-02,risk_parity,ONGC.NS,1.960072202325772
2024-10-01,risk_parity,ONGC.NS,1.9579374173041064
2024-11-01,risk_parity,ONGC.NS,1.983270218035262
2024-12-02,risk_parity,ONGC.NS,2.0386565157996284
2025-01-01,risk_parity,ONGC.NS,2.000399499876193
2025-02-01,risk_parity,ONGC.NS,2.060373120114486
2025-03-03,risk_parity,ONGC.NS,2.129081932749946
2025-04-01,risk_parity,ONGC.NS,2.19695397378839
2025-05-02,risk_parity,ONGC.NS,2.1272255185440714
2025-06-02,risk_parity,ONGC.NS,2.1266039358773035
2025-07-01,risk_parity,ONGC.NS,2.469342596225663
2025-08-01,risk_parity,ONGC.NS,2.5489399519623266
2025-09-01,risk_parity,ONGC.NS,2.844516249252175
2025-10-01,risk_parity,ONGC.NS,2.9532051844539686
2025-11-03,risk_parity,ONGC.NS,2.916656808227249
2025-12-01,risk_parity,ONGC.NS,2.916473149780279
2026-01-01,risk_parity,ONGC.NS,2.9955565701407156
2026-02-02,risk_parity,ONGC.NS,2.93595055430029
2026-03-02,risk_parity,ONGC.NS,3.431174221191919
2026-04-01,risk_parity,ONGC.NS,4.6411226502993745
2026-05-04,risk_parity,ONGC.NS,6.243112305319993
2026-06-01,risk_parity,ONGC.NS,7.463633362634722
2024-08-01,risk_parity,GOLDBEES.NS,10.136585611529652
2024-09-02,risk_parity,GOLDBEES.NS,10.440290286425041
2024-10-01,risk_parity,GOLDBEES.NS,10.66418634058767
2024-11-01,risk_parity,GOLDBEES.NS,10.777525139429793
2024-12-02,risk_parity,GOLDBEES.NS,10.13107218673335
2025-01-01,risk_parity,GOLDBEES.NS,10.309178999504867
2025-02-01,risk_parity,GOLDBEES.NS,10.658225958263525
2025-03-03,risk_parity,GOLDBEES.NS,10.939414537845202
2025-04-01,risk_parity,GOLDBEES.NS,12.32119239311857
2025-05-02,risk_parity,GOLDBEES.NS,11.807149832320896
2025-06-02,risk_parity,GOLDBEES.NS,13.780274789206063
2025-07-01,risk_parity,GOLDBEES.NS,13.54913355432919
2025-08-01,risk_parity,GOLDBEES.NS,13.60456578694241
2025-09-01,risk_parity,GOLDBEES.NS,13.849290222429515
2025-10-01,risk_parity,GOLDBEES.NS,13.229060765182648
2025-11-03,risk_parity,GOLDBEES.NS,12.161165343993023
2025-12-01,risk_parity,GOLDBEES.NS,12.497412657864334
2026-01-01,risk_parity,GOLDBEES.NS,11.985203497617904
2026-02-02,risk_parity,GOLDBEES.NS,8.57801508099762
2026-03-02,risk_parity,GOLDBEES.NS,7.835273889376457
2026-04-01,risk_parity,GOLDBEES.NS,5.942748004972186
2026-05-04,risk_parity,GOLDBEES.NS,5.6023015559347344
2026-06-01,risk_parity,GOLDBEES.NS,4.742284866784415
2024-08-01,risk_parity,INDIGO.NS,3.0570176221305028
2024-09-02,risk_parity,INDIGO.NS,3.1590848568536507
2024-10-01,risk_parity,INDIGO.NS,3.1004046960943
2024-11-01,risk_parity,INDIGO.NS,3.0777252703610545
2024-12-02,risk_parity,INDIGO.NS,3.1027805400889172
2025-01-01,risk_parity,INDIGO.NS,3.2136651941005283
2025-02-01,risk_parity,INDIGO.NS,3.0447834434971117
2025-03-03,risk_parity,INDIGO.NS,3.0979248980249876
2025-04-01,risk_parity,INDIGO.NS,3.058461096407253
2025-05-02,risk_parity,INDIGO.NS,3.3212578196696394
2025-06-02,risk_parity,INDIGO.NS,3.0975503983229453
2025-07-01,risk_parity,INDIGO.NS,3.139288340085881
2025-08-01,risk_parity,INDIGO.NS,3.1698490480879573
2025-09-01,risk_parity,INDIGO.NS,3.1415290394943214
2025-10-01,risk_parity,INDIGO.NS,3.168980724881675
2025-11-03,risk_parity,INDIGO.NS,3.391263319036374
2025-12-01,risk_parity,INDIGO.NS,3.3691997906697053
2026-01-01,risk_parity,INDIGO.NS,3.0034069245290294
2026-02-02,risk_parity,INDIGO.NS,3.308220849718534
2026-03-02,risk_parity,INDIGO.NS,2.9740177782058432
2026-04-01,risk_parity,INDIGO.NS,2.5354801616812637
2026-05-04,risk_parity,INDIGO.NS,2.212179739793799
2026-06-01,risk_parity,INDIGO.NS,2.230901839027306
2024-08-01,risk_parity,PERSISTENT.NS,3.014170922032039
2024-09-02,risk_parity,PERSISTENT.NS,2.998051725554369
2024-10-01,risk_parity,PERSISTENT.NS,3.0234718345711813
2024-11-01,risk_parity,PERSISTENT.NS,2.8630635927394796
2024-12-02,risk_parity,PERSISTENT.NS,2.8887688701699785
2025-01-01,risk_parity,PERSISTENT.NS,2.960175910439826
2025-02-01,risk_parity,PERSISTENT.NS,2.6062558536140044
2025-03-03,risk_parity,PERSISTENT.NS,2.580108099104701
2025-04-01,risk_parity,PERSISTENT.NS,2.5137757801664535
2025-05-02,risk_parity,PERSISTENT.NS,2.3798395019306056
2025-06-02,risk_parity,PERSISTENT.NS,2.2484657191031645
2025-07-01,risk_parity,PERSISTENT.NS,2.241133970121417
2025-08-01,risk_parity,PERSISTENT.NS,2.3082688359237795
2025-09-01,risk_parity,PERSISTENT.NS,2.318860965270488
2025-10-01,risk_parity,PERSISTENT.NS,2.2437984075079114
2025-11-03,risk_parity,PERSISTENT.NS,2.2448760206955973
2025-12-01,risk_parity,PERSISTENT.NS,2.116671113367505
2026-01-01,risk_parity,PERSISTENT.NS,2.017546265519856
2026-02-02,risk_parity,PERSISTENT.NS,2.184996409137913
2026-03-02,risk_parity,PERSISTENT.NS,2.2128042217323207
2026-04-01,risk_parity,PERSISTENT.NS,2.6034280824821248
2026-05-04,risk_parity,PERSISTENT.NS,2.7952230414005768
2026-06-01,risk_parity,PERSISTENT.NS,2.8126713113430966
2024-08-01,risk_parity,FEDERALBNK.NS,3.0980194632649116
2024-09-02,risk_parity,FEDERALBNK.NS,3.1222565681863856
2024-10-01,risk_parity,FEDERALBNK.NS,3.2344730220724887
2024-11-01,risk_parity,FEDERALBNK.NS,3.1416749641939363
2024-12-02,risk_parity,FEDERALBNK.NS,3.322076711439676
2025-01-01,risk_parity,FEDERALBNK.NS,3.325347081464635
2025-02-01,risk_parity,FEDERALBNK.NS,3.421733357942612
2025-03-03,risk_parity,FEDERALBNK.NS,3.5886013595330972
2025-04-01,risk_parity,FEDERALBNK.NS,3.3514681006821876
2025-05-02,risk_parity,FEDERALBNK.NS,3.5644036997379307
2025-06-02,risk_parity,FEDERALBNK.NS,3.480524212964192
2025-07-01,risk_parity,FEDERALBNK.NS,3.8344381934325726
2025-08-01,risk_parity,FEDERALBNK.NS,3.719854172978396
2025-09-01,risk_parity,FEDERALBNK.NS,3.72233634999697
2025-10-01,risk_parity,FEDERALBNK.NS,3.7803193285771903
2025-11-03,risk_parity,FEDERALBNK.NS,4.031672734022056
2025-12-01,risk_parity,FEDERALBNK.NS,4.024921960079807
2026-01-01,risk_parity,FEDERALBNK.NS,4.176223309120248
2026-02-02,risk_parity,FEDERALBNK.NS,4.050490960680462
2026-03-02,risk_parity,FEDERALBNK.NS,4.157250103126439
2026-04-01,risk_parity,FEDERALBNK.NS,3.688252877132502
2026-05-04,risk_parity,FEDERALBNK.NS,3.421833851848134
2026-06-01,risk_parity,FEDERALBNK.NS,3.502404671017798
2024-08-01,risk_parity,LUPIN.NS,3.8813140437311713
2024-09-02,risk_parity,LUPIN.NS,3.89450101756055
2024-10-01,risk_parity,LUPIN.NS,3.888961226822373
2024-11-01,risk_parity,LUPIN.NS,3.9119826896105914
2024-12-02,risk_parity,LUPIN.NS,3.993613654294175
2025-01-01,risk_parity,LUPIN.NS,3.9655202208887754
2025-02-01,risk_parity,LUPIN.NS,3.6998181188886203
2025-03-03,risk_parity,LUPIN.NS,3.481038146111771
2025-04-01,risk_parity,LUPIN.NS,3.5201382285685234
2025-05-02,risk_parity,LUPIN.NS,3.205255182953333
2025-06-02,risk_parity,LUPIN.NS,3.1409263129689
2025-07-01,risk_parity,LUPIN.NS,2.9472032025838253
2025-08-01,risk_parity,LUPIN.NS,2.9589489688236164
2025-09-01,risk_parity,LUPIN.NS,2.939428003272565
2025-10-01,risk_parity,LUPIN.NS,2.811541291739229
2025-11-03,risk_parity,LUPIN.NS,2.863891601148523
2025-12-01,risk_parity,LUPIN.NS,2.7533225197557765
2026-01-01,risk_parity,LUPIN.NS,2.709948810319236
2026-02-02,risk_parity,LUPIN.NS,2.8721089849427917
2026-03-02,risk_parity,LUPIN.NS,3.2619354419338262
2026-04-01,risk_parity,LUPIN.NS,3.673706788025665
2026-05-04,risk_parity,LUPIN.NS,4.225315553861337
2026-06-01,risk_parity,LUPIN.NS,4.162540775711222
2024-08-01,risk_parity,MARICO.NS,4.968605266092617
2024-09-02,risk_parity,MARICO.NS,4.692567921496634
2024-10-01,risk_parity,MARICO.NS,4.931409073629643
2024-11-01,risk_parity,MARICO.NS,4.7652328363353
2024-12-02,risk_parity,MARICO.NS,4.51723451683393
2025-01-01,risk_parity,MARICO.NS,4.369139439072477
2025-02-01,risk_parity,MARICO.NS,4.661839808295804
2025-03-03,risk_parity,MARICO.NS,4.167399305831494
2025-04-01,risk_parity,MARICO.NS,4.190464471655319
2025-05-02,risk_parity,MARICO.NS,4.426330416312376
2025-06-02,risk_parity,MARICO.NS,4.368557595063864
2025-07-01,risk_parity,MARICO.NS,4.259901103947315
2025-08-01,risk_parity,MARICO.NS,4.347853450585112
2025-09-01,risk_parity,MARICO.NS,4.288575324753746
2025-10-01,risk_parity,MARICO.NS,4.181927747137097
2025-11-03,risk_parity,MARICO.NS,4.271438934805069
2025-12-01,risk_parity,MARICO.NS,4.510378754173057
2026-01-01,risk_parity,MARICO.NS,4.654266123849869
2026-02-02,risk_parity,MARICO.NS,4.487275060183892
2026-03-02,risk_parity,MARICO.NS,4.566572990215569
2026-04-01,risk_parity,MARICO.NS,4.9385258732280395
2026-05-04,risk_parity,MARICO.NS,4.8308744356568525
2026-06-01,risk_parity,MARICO.NS,5.027879361075593
2024-08-01,risk_parity,AUROPHARMA.NS,3.2349884247509397
2024-09-02,risk_parity,AUROPHARMA.NS,3.27631911270576
2024-10-01,risk_parity,AUROPHARMA.NS,3.2771099702157795
2024-11-01,risk_parity,AUROPHARMA.NS,3.438953796480916
2024-12-02,risk_parity,AUROPHARMA.NS,3.5410965120303763
2025-01-01,risk_parity,AUROPHARMA.NS,3.5645445659791894
2025-02-01,risk_parity,AUROPHARMA.NS,3.5746207838245727
2025-03-03,risk_parity,AUROPHARMA.NS,3.339839461217943
2025-04-01,risk_parity,AUROPHARMA.NS,3.2468827412638985
2025-05-02,risk_parity,AUROPHARMA.NS,2.95435227039038
2025-06-02,risk_parity,AUROPHARMA.NS,2.882232420889222
2025-07-01,risk_parity,AUROPHARMA.NS,2.8978086197280524
2025-08-01,risk_parity,AUROPHARMA.NS,2.81122817789265
2025-09-01,risk_parity,AUROPHARMA.NS,2.7505729488730717
2025-10-01,risk_parity,AUROPHARMA.NS,2.744965217230451
2025-11-03,risk_parity,AUROPHARMA.NS,2.707351609071326
2025-12-01,risk_parity,AUROPHARMA.NS,2.5588113567898545
2026-01-01,risk_parity,AUROPHARMA.NS,2.466935920267703
2026-02-02,risk_parity,AUROPHARMA.NS,2.560716592209393
2026-03-02,risk_parity,AUROPHARMA.NS,2.6860661827747
2026-04-01,risk_parity,AUROPHARMA.NS,3.218445309012234
2026-05-04,risk_parity,AUROPHARMA.NS,3.7127268286912054
2026-06-01,risk_parity,AUROPHARMA.NS,3.8920394263479254
2024-08-01,risk_parity,BHARATFORG.NS,2.392174114382597
2024-09-02,risk_parity,BHARATFORG.NS,2.265619890223746
2024-10-01,risk_parity,BHARATFORG.NS,2.3124620219122582
2024-11-01,risk_parity,BHARATFORG.NS,2.3283233539347146
2024-12-02,risk_parity,BHARATFORG.NS,2.437168044085703
2025-01-01,risk_parity,BHARATFORG.NS,2.4427551062575112
2025-02-01,risk_parity,BHARATFORG.NS,2.4277404894060264
2025-03-03,risk_parity,BHARATFORG.NS,2.588090368351195
2025-04-01,risk_parity,BHARATFORG.NS,2.378523849737162
2025-05-02,risk_parity,BHARATFORG.NS,2.1384557179878003
2025-06-02,risk_parity,BHARATFORG.NS,2.1726869477071844
2025-07-01,risk_parity,BHARATFORG.NS,2.2318414854650097
2025-08-01,risk_parity,BHARATFORG.NS,2.1914084098442954
2025-09-01,risk_parity,BHARATFORG.NS,2.208512268303332
2025-10-01,risk_parity,BHARATFORG.NS,2.2026692249184308
2025-11-03,risk_parity,BHARATFORG.NS,2.2259760570000764
2025-12-01,risk_parity,BHARATFORG.NS,2.115762954753037
2026-01-01,risk_parity,BHARATFORG.NS,2.069200077875865
2026-02-02,risk_parity,BHARATFORG.NS,2.2131318614503805
2026-03-02,risk_parity,BHARATFORG.NS,2.2220481104071554
2026-04-01,risk_parity,BHARATFORG.NS,2.3549002453839307
2026-05-04,risk_parity,BHARATFORG.NS,2.54199461509351
2026-06-01,risk_parity,BHARATFORG.NS,2.5371522868164496
2024-08-01,risk_parity,HEROMOTOCO.NS,3.700963729570815
2024-09-02,risk_parity,HEROMOTOCO.NS,3.711204700604392
2024-10-01,risk_parity,HEROMOTOCO.NS,3.6685744038721317
2024-11-01,risk_parity,HEROMOTOCO.NS,3.7059327981217622
2024-12-02,risk_parity,HEROMOTOCO.NS,3.6998248261765525
2025-01-01,risk_parity,HEROMOTOCO.NS,3.6237097402067113
2025-02-01,risk_parity,HEROMOTOCO.NS,3.2871065469390817
2025-03-03,risk_parity,HEROMOTOCO.NS,3.4012555481802638
2025-04-01,risk_parity,HEROMOTOCO.NS,3.4534129017855832
2025-05-02,risk_parity,HEROMOTOCO.NS,3.342246036602207
2025-06-02,risk_parity,HEROMOTOCO.NS,3.177241806414336
2025-07-01,risk_parity,HEROMOTOCO.NS,2.9744396857491204
2025-08-01,risk_parity,HEROMOTOCO.NS,2.9653775689742536
2025-09-01,risk_parity,HEROMOTOCO.NS,2.718776830895354
2025-10-01,risk_parity,HEROMOTOCO.NS,2.8242019845764736
2025-11-03,risk_parity,HEROMOTOCO.NS,3.0168205193202446
2025-12-01,risk_parity,HEROMOTOCO.NS,2.8686126289503235
2026-01-01,risk_parity,HEROMOTOCO.NS,2.8467527764966243
2026-02-02,risk_parity,HEROMOTOCO.NS,2.9757373662840534
2026-03-02,risk_parity,HEROMOTOCO.NS,3.0681631684042268
2026-04-01,risk_parity,HEROMOTOCO.NS,2.9119090561586813
2026-05-04,risk_parity,HEROMOTOCO.NS,2.811454581230976
2026-06-01,risk_parity,HEROMOTOCO.NS,2.7615374048854076
