Return,Variance,Volatility
0.0005853567205993029,4.7148446050952444e-05,0.006866472606145927
